SampleID,ComponentA,ComponentB
0,2,0
0,2,9
0,6,3
0,2,12
0,3,5
0,10,2
1,1,0
2,2,0
2,2,4
2,2,0
2,8,2
2,2,4
3,6,3
3,6,1
4,11,13
5,7,2
5,4,1
5,4,0
5,4,8
5,9,3
5,3,4
5,5,1
5,4,1
5,1,3
6,2,4
6,3,1
7,1,11
7,3,8
7,6,3
7,7,0
8,5,6
8,7,5
8,4,5
8,2,4
8,0,2
8,5,4
9,1,6
9,0,1
9,5,7
9,8,1
9,4,6
10,5,10
10,3,7
10,0,13
10,12,3
10,7,3
10,3,8
10,9,3
10,5,0
11,2,1
11,4,7
11,8,7
11,1,2
11,10,5
12,1,3
12,4,3
12,5,3
13,2,9
13,1,5
13,11,7
13,14,9
13,6,10
13,7,6
13,12,5
13,4,6
14,10,8
14,10,11
14,5,3
14,8,4
14,8,3
15,12,4
15,8,10
15,8,4
15,4,1
15,3,1
15,9,6
15,12,3
15,7,3
15,6,0
15,4,11
15,6,9
16,10,1
16,5,7
16,2,4
16,0,9
16,10,1
16,7,4
17,1,8
18,4,3
19,3,4
19,3,2
19,0,2
19,1,3
19,1,4
20,9,10
20,10,13
20,11,9
20,9,3
21,2,5
21,6,0
21,0,1
21,4,3
22,1,0
23,2,1
23,8,2
23,8,3
23,10,8
23,2,11
23,12,14
23,1,12
23,14,1
23,12,7
23,7,1
23,4,5
24,1,4
24,4,0
25,1,5
25,2,4
25,3,6
25,1,7
25,1,9
25,10,8
26,5,0
26,2,5
27,2,10
27,9,2
27,8,5
27,5,10
27,3,8
27,5,7
27,0,1
27,2,4
27,3,10
27,11,3
27,1,4
28,5,10
28,1,7
28,5,1
28,3,6
28,10,5
28,3,1
28,4,3
28,8,5
29,10,5
29,0,2
29,5,7
29,9,4
29,0,3
30,7,2
30,1,9
30,7,9
31,3,2
31,6,1
31,4,2
31,4,2
31,3,5
32,8,10
32,0,5
32,11,3
32,3,10
32,11,6
32,11,5
32,1,4
33,7,3
33,3,0
33,6,4
33,5,1
33,5,2
33,6,5
34,9,5
34,4,11
34,5,8
34,10,7
34,11,3
34,8,10
34,3,14
34,11,6
34,8,9
34,4,5
35,5,2
36,7,9
36,8,5
36,1,3
36,1,7
37,3,6
38,8,7
38,8,1
38,7,3
38,1,6
39,7,4
40,1,4
40,6,5
40,6,2
40,3,6
40,0,6
41,6,7
41,1,0
41,2,0
41,7,0
42,2,8
42,8,2
42,4,1
42,0,8
42,8,7
42,5,0
42,5,7
42,8,7
42,2,0
43,1,7
43,9,1
43,12,14
43,14,11
43,11,7
43,4,5
43,10,7
43,11,9
43,2,4
43,9,0
43,4,0
44,2,7
44,6,2
44,4,1
44,9,11
44,14,3
44,8,0
44,13,0
44,8,5
45,0,1
45,6,0
45,4,0
45,2,0
46,2,5
46,2,3
46,9,5
46,5,6
46,7,3
46,7,9
46,7,4
47,11,7
48,6,2
48,7,0
48,10,4
48,3,6
48,7,8
48,7,3
49,4,7
49,0,7
49,0,3
49,3,4
49,7,2
49,8,2
49,0,5
49,4,5
50,2,4
50,12,7
51,10,3
51,1,14
51,12,3
51,12,9
51,0,5
52,7,2
52,5,7
52,3,2
53,2,3
54,3,9
54,1,10
55,8,7
55,5,1
55,1,4
55,8,7
56,4,5
56,8,4
56,10,9
56,9,5
57,1,5
57,2,10
57,10,11
57,11,9
57,0,10
57,11,12
57,2,6
57,8,11
57,10,7
58,4,7
59,8,0
59,4,10
59,2,6
59,5,8
59,5,9
59,8,10
59,7,2
60,6,5
60,5,4
60,7,3
60,1,5
61,0,8
61,0,12
61,10,3
61,6,9
61,2,4
61,12,3
61,7,9
61,8,3
61,5,7
61,10,2
62,14,5
62,10,12
62,5,3
62,2,5
62,7,6
62,8,3
62,5,9
62,12,2
63,0,5
63,12,9
63,11,1
63,11,3
63,2,13
63,4,8
63,9,7
63,4,8
63,11,3
64,3,7
65,0,6
65,5,4
65,7,0
65,11,13
65,7,1
66,1,7
67,4,3
67,0,6
67,2,6
68,0,2
68,2,5
68,0,7
69,2,0
69,2,4
70,4,9
71,8,2
71,2,8
71,5,7
72,5,0
72,0,3
72,3,6
72,0,2
72,4,2
73,1,2
74,0,7
74,5,8
74,1,0
74,5,0
75,8,9
75,3,14
75,2,1
75,10,14
75,14,10
75,1,0
75,1,5
75,9,10
75,8,5
75,5,3
75,5,2
75,12,0
75,2,6
75,14,0
76,1,0
76,5,0
76,2,1
76,6,4
76,3,2
76,6,1
77,6,4
78,6,0
78,5,6
78,8,9
78,5,6
78,4,9
78,10,0
79,3,5
79,0,11
79,4,6
79,7,1
79,2,0
79,9,8
79,7,6
80,4,7
80,2,5
80,2,0
80,1,8
80,3,2
80,1,3
81,10,9
81,1,7
81,5,0
81,2,3
81,0,10
81,4,5
81,3,2
81,2,8
81,10,1
81,8,7
82,2,3
83,8,6
83,6,2
83,6,8
84,9,8
84,7,9
84,8,4
84,9,7
84,6,2
84,7,0
84,0,8
85,1,2
85,6,2
85,4,9
85,0,6
85,7,0
86,4,12
86,0,10
86,0,4
86,10,5
86,11,7
86,2,7
86,4,9
87,0,1
87,4,1
87,2,6
87,1,2
87,0,4
88,2,13
88,6,4
88,12,2
88,8,0
88,6,12
88,14,4
88,7,11
88,5,10
89,2,4
89,2,3
89,3,0
90,4,2
91,5,4
91,6,1
91,8,6
91,4,3
91,2,3
92,0,2
92,0,3
92,2,0
92,4,0
93,6,2
93,6,2
93,8,9
93,7,5
93,1,3
93,8,3
93,2,7
94,5,0
94,4,7
95,8,5
95,0,3
95,3,10
96,7,2
96,11,4
96,9,7
96,5,1
97,1,5
97,14,8
97,11,6
97,3,11
97,9,2
97,1,0
97,2,3
97,4,3
97,14,3
97,2,11
97,12,13
97,4,9
97,13,4
98,4,9
98,4,6
98,3,0
98,2,0
98,2,1
98,4,9
98,0,4
98,7,0
98,2,10
98,10,3
99,11,4
99,9,12
100,4,3
101,8,5
102,4,5
102,4,1
103,3,6
104,0,9
104,10,6
104,10,0
105,5,9
105,11,4
105,9,12
105,13,5
105,11,6
105,12,3
105,14,11
105,3,13
105,7,3
105,7,6
105,13,5
106,4,5
107,2,1
107,0,1
107,2,0
108,0,5
108,4,5
109,7,5
109,3,0
109,7,0
109,8,2
109,1,5
109,0,6
110,2,0
110,7,1
110,1,0
110,8,6
111,6,11
111,4,5
112,0,5
112,2,8
112,2,8
112,6,2
112,0,5
112,6,0
112,9,7
112,2,0
112,7,4
113,1,7
113,7,6
113,2,1
113,8,7
113,7,9
113,3,5
113,4,8
113,9,0
114,3,5
114,1,2
114,0,6
114,1,7
114,2,8
115,8,7
115,0,1
115,6,3
115,3,7
115,5,10
115,1,0
115,10,0
115,7,9
115,4,7
116,8,4
116,11,7
116,0,2
116,4,10
116,4,5
116,1,11
116,1,11
116,4,11
116,4,6
116,8,6
116,5,6
117,2,1
117,4,1
118,4,3
118,6,5
118,6,4
119,7,5
119,2,7
120,4,1
120,0,5
120,2,10
120,6,3
120,0,9
120,6,7
120,3,7
120,9,7
121,2,6
121,1,0
121,3,8
121,9,5
121,6,9
121,8,9
121,6,2
121,1,2
122,0,2
122,4,3
123,0,3
124,2,0
124,8,7
124,3,7
125,7,3
126,1,8
126,1,7
126,8,3
126,2,8
127,11,10
127,1,6
127,0,12
127,9,2
127,7,6
127,12,10
127,4,0
127,0,4
127,6,11
127,4,11
128,6,4
128,9,8
128,1,11
128,2,3
128,7,0
128,10,1
128,1,2
128,7,2
128,0,9
128,6,2
129,6,9
129,8,0
129,3,9
129,2,6
129,9,8
129,9,8
130,1,2
130,2,3
130,3,1
130,1,0
131,0,3
131,4,5
132,0,4
132,4,6
132,2,4
132,1,4
132,3,5
132,6,4
133,6,8
133,9,7
133,3,9
133,1,5
133,10,0
134,4,0
134,2,9
135,5,0
135,4,1
135,6,9
135,4,1
135,9,6
135,4,2
135,2,8
135,3,4
135,1,9
136,9,8
136,2,9
136,6,7
137,6,7
138,4,0
138,0,3
139,10,4
139,4,0
139,9,6
139,13,0
139,8,9
139,1,13
139,5,2
139,13,2
139,13,7
139,13,6
139,13,10
139,2,9
139,5,2
140,6,9
141,1,3
141,0,1
142,1,4
142,0,4
142,9,2
143,7,6
143,3,12
143,6,11
143,10,12
143,10,11
143,5,0
143,12,9
143,8,4
143,2,1
143,5,3
143,8,5
144,0,7
144,2,0
144,10,6
144,1,0
144,10,1
144,3,7
144,7,4
144,6,9
144,6,2
145,8,2
145,2,0
145,2,8
146,7,5
146,10,2
146,1,3
146,10,1
147,11,5
147,2,8
148,2,0
148,8,3
148,7,5
148,7,5
148,1,6
148,5,3
148,8,1
148,5,2
149,4,6
149,3,0
149,3,2
149,6,8
150,0,2
150,5,3
150,0,4
150,4,0
150,4,3
151,3,4
151,7,1
151,0,3
151,3,6
151,8,7
151,2,6
151,6,7
152,6,2
153,4,6
154,2,3
154,2,0
154,0,2
154,4,0
155,7,4
155,7,8
155,9,7
155,7,6
155,7,4
155,3,2
155,3,7
156,3,0
156,8,2
156,5,3
156,10,2
156,1,11
156,2,1
156,7,5
157,0,5
157,5,3
157,2,5
157,5,0
157,0,4
158,0,8
158,3,9
158,7,8
158,10,3
158,3,8
158,6,4
158,3,5
159,6,7
159,6,7
159,7,2
159,7,2
159,5,1
159,1,3
160,3,4
161,0,4
161,0,2
161,9,4
161,3,1
161,7,1
161,7,10
161,6,8
161,3,9
162,5,3
162,2,3
163,4,6
163,0,5
163,1,3
163,6,1
163,1,2
164,6,10
164,9,5
164,2,8
164,2,5
164,9,1
165,0,5
165,5,7
165,6,13
165,3,11
165,1,7
165,8,5
165,2,1
165,0,13
165,1,13
165,6,3
166,5,0
166,3,4
166,5,2
167,1,5
167,11,12
167,4,1
167,0,6
167,5,4
167,0,6
167,11,7
167,1,3
168,13,11
168,3,13
168,6,0
168,6,8
168,12,3
168,12,13
168,10,13
168,9,13
168,3,9
168,5,6
168,3,9
169,2,0
169,0,9
169,6,4
169,0,4
169,6,11
169,12,9
169,5,7
169,12,8
169,6,4
169,6,7
170,10,6
170,3,4
170,5,8
170,5,9
170,3,1
170,3,7
170,2,6
170,0,9
170,1,9
171,9,0
171,9,7
172,0,2
173,2,8
173,2,7
173,6,0
173,7,4
173,2,5
173,8,7
173,4,1
174,2,1
174,5,4
174,4,0
174,5,4
175,1,8
175,4,3
175,0,4
175,7,8
175,4,6
175,4,8
175,5,4
176,4,5
176,13,6
176,10,11
176,0,6
176,13,11
176,9,8
176,12,5
176,5,11
176,2,7
176,1,5
176,6,4
176,4,7
177,2,9
178,2,3
178,0,3
178,2,0
179,12,0
179,11,10
179,4,10
180,1,2
180,2,4
180,1,0
180,1,12
180,6,5
180,4,2
180,6,1
180,8,5
181,8,6
182,2,3
182,0,3
182,2,1
182,3,2
183,4,8
183,5,4
183,8,2
183,4,3
183,8,6
184,10,13
185,8,3
185,1,6
185,4,2
185,2,5
186,0,2
186,4,1
187,10,7
187,9,7
187,12,3
187,10,13
187,12,10
188,6,1
188,4,5
188,7,5
189,3,8
189,3,8
189,8,7
189,9,5
189,8,4
190,9,8
190,9,1
190,3,4
190,5,0
190,9,6
190,10,9
190,9,10
191,5,7
191,11,0
191,3,11
192,11,6
192,10,4
192,0,4
192,10,1
193,7,11
194,7,3
194,1,5
194,7,2
194,1,4
194,9,8
194,7,2
195,8,9
195,8,1
195,0,11
195,5,3
195,0,9
195,6,9
196,1,9
196,4,3
197,7,9
197,1,0
197,6,9
197,0,11
197,8,2
198,8,13
198,7,8
198,0,2
198,6,1
199,1,4
199,3,1
199,0,4
200,6,4
200,3,8
200,4,7
200,7,9
200,1,2
200,2,3
200,4,8
201,3,2
201,4,1
201,0,2
201,2,0
202,4,6
202,1,0
202,2,1
202,4,5
202,5,0
203,1,6
203,0,5
204,5,0
204,2,1
204,4,3
204,4,7
204,2,7
205,3,8
206,2,7
207,3,10
207,11,0
207,0,4
207,11,6
207,2,0
208,8,9
208,5,3
208,1,2
208,3,2
208,9,3
208,9,0
209,0,11
209,6,3
209,8,10
209,8,0
209,6,7
209,2,0
210,7,12
210,8,0
210,10,7
210,0,8
210,9,7
210,8,4
210,12,11
210,3,1
210,0,4
210,12,6
210,2,5
210,8,5
211,5,1
211,3,0
212,11,8
213,11,13
213,0,2
214,2,4
214,4,5
214,0,6
214,4,5
215,0,5
215,0,2
215,5,4
216,1,7
216,8,5
216,1,4
216,3,8
216,7,2
216,0,5
217,3,5
217,3,4
217,3,4
217,2,5
217,6,0
218,12,6
218,6,5
218,7,3
218,10,5
219,12,6
219,8,3
219,2,4
220,1,7
220,11,8
220,1,7
220,5,11
220,1,8
220,7,6
220,5,7
220,4,9
220,0,10
221,0,4
222,4,2
222,0,4
223,0,1
224,6,1
225,7,2
225,8,5
225,5,1
225,3,2
226,0,10
226,7,12
226,0,4
227,14,7
227,9,13
227,14,10
227,10,1
227,4,3
227,6,2
227,7,14
227,9,0
227,9,14
228,6,4
228,1,4
228,1,6
229,2,6
229,7,6
229,9,6
229,8,6
230,10,7
230,5,7
230,0,3
230,9,4
231,5,9
231,5,10
231,2,4
231,12,6
231,7,11
231,8,2
231,5,11
232,0,4
232,7,10
233,10,1
233,1,10
233,1,7
233,3,6
233,8,10
233,6,7
233,7,9
233,1,2
233,11,9
234,3,7
234,10,11
234,14,0
234,1,9
234,3,7
234,14,9
234,9,11
234,4,8
234,10,13
235,6,5
235,2,5
235,4,3
235,6,4
235,2,0
236,10,4
236,1,2
236,2,6
236,0,3
236,9,2
236,2,1
236,8,1
236,4,0
236,1,5
236,2,1
237,8,11
237,9,6
237,10,9
237,10,4
238,12,0
238,11,12
238,9,5
238,11,3
238,1,9
238,4,1
238,0,3
238,13,7
238,3,11
239,11,0
239,4,7
239,14,5
239,5,9
239,5,14
239,14,13
239,3,6
239,1,3
239,1,2
239,4,3
240,8,4
240,12,10
240,3,1
241,7,1
241,5,6
241,1,2
241,2,5
241,5,7
242,2,4
242,3,0
243,0,1
243,2,0
244,4,3
244,2,1
245,3,11
245,4,12
245,9,0
245,11,3
246,2,0
246,4,2
246,5,3
247,7,11
247,10,9
247,2,1
247,7,5
247,0,2
247,10,3
247,5,4
248,8,0
248,0,8
248,2,4
248,5,0
248,12,4
248,1,5
249,5,11
249,8,11
249,3,2
249,9,10
249,14,12
249,12,13
249,9,1
250,0,4
250,6,1
251,3,8
252,1,0
252,1,0
252,4,0
253,7,6
253,9,0
253,7,4
253,9,8
253,9,5
253,8,11
253,5,1
253,5,3
253,8,10
254,7,9
254,8,5
254,7,12
254,12,5
254,10,5
254,6,8
255,4,0
256,1,2
257,2,8
257,5,4
258,0,1
258,2,4
259,1,10
259,0,10
259,2,3
259,3,2
260,0,2
260,4,2
260,1,0
260,4,3
261,4,0
261,3,8
261,12,11
261,2,9
261,1,12
261,14,5
261,2,6
261,2,0
261,11,9
262,4,1
262,7,8
262,1,7
262,4,1
263,5,0
264,3,12
264,9,12
264,3,9
264,8,9
264,1,2
264,12,4
264,7,5
264,4,1
264,3,7
264,3,5
264,3,5
264,6,8
265,3,10
265,11,2
266,4,2
266,3,5
266,3,4
266,1,0
267,1,0
267,8,6
267,9,8
267,3,0
267,5,3
267,11,1
267,3,1
267,11,6
267,4,1
267,5,9
268,6,4
268,4,0
268,4,9
268,2,0
269,12,7
269,1,9
269,10,12
269,9,12
269,13,1
269,1,3
269,10,13
270,4,5
270,14,9
270,14,12
270,13,0
270,11,2
270,5,3
270,0,10
271,12,13
271,8,4
271,12,7
271,10,5
271,11,5
271,9,10
271,2,7
271,9,0
271,12,0
272,7,1
273,6,2
273,6,3
274,5,2
275,5,0
275,0,5
275,2,5
275,4,1
276,3,6
276,2,0
276,0,2
276,0,6
276,1,2
276,1,5
277,12,2
277,10,5
277,0,8
277,3,12
277,12,2
277,9,3
277,7,10
277,2,7
277,2,12
277,2,3
277,4,10
277,1,7
278,4,7
278,4,1
279,4,6
279,6,7
279,7,2
279,2,6
279,4,1
279,3,1
279,7,6
280,5,9
280,4,5
280,10,8
280,12,4
280,4,6
280,3,1
280,2,12
281,1,5
281,9,5
281,5,6
281,4,2
281,1,5
281,5,9
281,1,3
281,6,1
281,0,2
282,10,8
282,10,3
282,0,5
283,2,5
283,0,2
283,1,0
283,6,5
283,3,2
283,1,6
284,2,6
284,6,3
284,7,4
284,1,8
284,1,4
284,8,3
285,0,7
285,6,2
285,3,7
285,2,3
285,2,4
285,7,3
286,9,7
286,6,4
286,3,7
286,3,4
286,5,9
286,8,6
287,0,12
287,2,1
287,1,0
287,2,14
287,12,0
287,0,6
288,0,1
288,3,4
288,6,7
289,6,2
289,5,1
289,4,3
289,2,4
289,0,4
289,6,1
290,5,1
290,5,8
290,6,4
290,1,3
290,6,8
290,8,1
291,12,2
291,5,4
291,11,13
292,2,11
292,0,6
292,2,0
292,7,5
292,8,3
292,1,4
293,6,7
293,1,8
294,5,8
294,10,2
294,5,6
294,1,9
294,0,2
294,10,9
294,0,8
294,9,3
295,2,7
295,2,6
295,5,2
295,0,1
295,7,0
296,9,8
296,5,4
296,3,0
296,10,8
296,10,12
296,12,4
296,12,2
296,12,9
296,12,4
296,5,1
297,2,5
297,0,3
298,4,5
298,3,6
298,4,1
298,0,3
299,2,10
299,5,2
299,6,1
299,5,4
299,10,7
299,5,8
299,10,9
299,6,1
300,4,1
300,5,1
301,1,13
301,0,6
302,0,3
302,6,4
303,0,6
303,4,8
303,1,6
303,1,10
303,1,10
303,7,4
304,1,2
305,7,8
306,1,3
306,6,3
306,2,5
307,8,4
307,1,9
307,6,3
307,0,13
307,1,0
307,0,4
307,7,1
307,2,10
307,0,8
307,2,10
307,6,7
308,5,0
308,1,10
308,0,5
308,2,10
308,11,4
308,2,1
309,3,9
309,9,8
309,2,1
310,3,10
310,5,11
311,3,8
311,5,1
311,6,1
311,4,6
311,0,8
312,10,6
312,2,11
312,6,1
312,10,6
312,10,0
312,8,5
312,11,8
312,11,12
312,5,6
312,3,4
312,5,12
313,6,5
314,9,10
314,9,1
314,5,9
314,10,6
314,8,3
314,8,9
314,10,4
314,8,1
314,6,2
315,1,13
315,0,6
315,12,2
315,2,1
315,7,11
315,9,2
315,8,7
315,3,1
316,1,4
317,0,3
317,1,8
317,4,2
317,4,3
317,7,1
317,2,3
317,4,1
317,5,1
318,2,5
318,4,3
318,5,4
318,0,5
318,4,1
318,7,0
318,1,3
319,4,0
319,0,10
319,6,3
319,11,7
319,8,1
319,2,4
319,10,1
319,1,2
319,4,9
320,1,6
320,8,10
321,0,10
321,6,2
321,5,8
321,6,2
321,2,8
321,1,7
321,9,8
321,4,5
322,7,0
323,5,1
323,1,5
323,3,0
323,5,0
324,4,14
324,8,6
324,14,0
324,5,1
324,1,5
324,12,13
324,5,13
324,6,9
324,7,1
324,7,5
324,6,0
324,12,7
325,3,5
325,6,9
325,9,0
325,9,7
325,0,4
325,4,6
325,4,5
325,10,6
325,3,9
325,12,6
325,11,12
325,11,9
326,2,7
326,5,3
327,0,4
327,2,6
327,5,1
327,6,4
327,4,0
328,2,8
328,6,11
328,7,8
328,9,10
329,12,6
329,7,1
329,7,8
329,0,1
329,0,6
330,3,7
330,7,11
330,4,6
330,12,5
330,2,11
330,8,10
330,1,9
331,9,2
332,1,4
333,9,2
333,9,2
333,8,9
333,1,8
333,0,9
333,4,6
334,9,2
334,10,2
334,13,0
334,3,11
334,14,2
334,6,10
334,14,11
334,12,7
334,2,8
334,3,10
334,10,0
334,7,14
334,8,3
334,4,1
335,4,0
335,0,4
335,4,1
335,2,4
336,6,7
336,6,2
336,4,0
336,6,4
336,3,5
337,6,5
337,10,8
337,8,7
337,9,1
337,2,1
338,4,2
338,0,5
339,6,2
339,1,4
339,5,1
339,2,1
340,9,6
340,9,7
341,13,12
341,8,6
341,11,8
341,2,14
342,3,2
342,7,8
342,2,7
342,6,5
342,9,6
342,6,9
343,0,3
343,0,4
343,0,1
343,3,2
344,2,6
344,8,0
345,1,3
345,0,3
345,3,2
345,8,0
345,2,4
345,6,1
345,1,5
345,4,3
346,6,2
346,7,6
346,7,2
347,4,3
348,5,7
349,6,8
349,10,12
349,1,3
350,3,8
350,9,10
350,0,9
350,6,9
350,4,1
350,3,10
350,6,4
350,0,5
350,8,5
351,4,5
351,4,5
351,6,1
351,3,5
351,3,2
351,4,3
352,1,4
352,6,5
353,0,8
353,0,9
353,8,1
353,8,6
353,9,4
354,10,4
354,7,0
354,7,10
354,1,5
354,6,1
354,6,1
354,2,7
354,3,4
355,3,9
355,11,10
355,5,7
355,5,6
355,2,5
355,10,12
355,12,5
355,10,12
355,9,0
355,11,5
356,4,2
356,2,7
356,8,5
356,4,1
356,1,5
356,0,8
356,6,2
356,1,5
357,5,10
357,12,3
357,10,3
358,8,5
358,9,5
358,11,0
358,2,10
358,1,2
358,2,7
358,0,2
358,0,8
358,5,8
358,1,10
359,0,1
359,0,6
359,5,1
360,4,2
361,4,7
361,2,6
361,7,5
361,5,9
361,4,8
361,7,9
361,7,5
362,8,6
362,6,2
362,7,1
362,2,3
362,6,5
362,8,2
362,7,0
363,0,1
363,4,2
364,6,5
364,2,8
365,8,7
365,6,7
365,3,5
365,2,7
365,7,1
365,6,1
365,3,8
365,4,0
366,4,5
366,6,5
366,1,3
367,11,5
367,6,10
367,0,9
368,4,7
368,7,8
368,6,1
368,2,3
368,1,7
368,4,5
368,8,6
368,7,0
369,10,1
370,13,11
371,1,7
371,3,2
371,4,0
371,1,6
371,5,0
372,9,3
372,4,6
372,5,9
372,5,7
372,4,7
372,0,9
372,3,1
372,5,9
373,6,8
374,4,5
374,12,11
374,5,3
375,1,3
376,1,7
376,7,10
376,8,1
376,2,4
376,4,0
376,6,5
376,9,7
376,6,8
376,4,3
377,11,1
377,10,4
378,10,4
378,6,3
378,1,2
378,2,10
378,10,4
378,12,8
379,6,1
379,13,10
379,12,5
379,13,5
379,7,6
379,5,1
379,13,10
379,3,2
379,6,9
379,10,6
379,7,11
380,4,3
380,2,0
380,3,0
380,5,2
380,2,6
380,2,3
381,5,7
381,8,5
381,3,8
382,9,2
382,1,5
382,3,0
383,11,3
383,10,9
383,13,7
383,1,5
383,6,1
383,1,6
383,12,2
383,5,0
383,7,6
383,2,10
383,8,6
384,7,4
385,0,3
385,1,4
385,2,5
385,0,4
386,10,11
386,5,3
386,3,6
386,1,4
386,4,3
386,9,6
386,0,7
386,0,1
386,5,8
387,3,5
387,9,3
387,3,7
388,10,2
388,6,2
388,9,3
388,4,7
388,4,5
388,5,12
388,5,10
389,0,3
389,5,0
389,3,0
389,5,0
389,4,11
389,3,11
389,5,1
389,11,0
390,2,0
391,9,6
391,7,1
391,9,6
391,8,6
391,5,1
392,7,12
392,5,3
392,8,9
392,6,5
392,12,4
393,8,0
393,10,5
393,9,8
393,8,2
393,10,0
393,4,2
393,10,0
394,12,0
394,11,12
394,10,8
394,1,7
394,11,6
394,13,9
394,5,9
394,5,4
394,9,3
394,13,6
394,1,10
394,1,5
395,6,7
395,12,6
396,7,1
397,3,4
397,1,0
397,6,8
397,0,3
397,4,9
397,0,9
397,0,8
397,0,1
398,1,8
398,3,8
398,2,5
398,6,1
398,8,1
398,2,4
398,6,7
399,4,2
399,0,6
399,3,5
399,0,5
399,6,0
399,3,7
399,2,0
400,0,2
401,5,2
401,5,3
401,2,4
401,5,0
402,3,1
402,2,3
402,1,5
402,4,0
402,1,7
403,6,8
403,10,0
404,5,8
404,3,1
404,2,1
405,4,11
406,2,5
406,3,5
406,2,5
406,2,0
406,2,3
407,1,4
408,6,0
408,9,5
408,2,0
409,2,6
410,5,2
411,1,3
411,4,1
411,3,4
411,2,0
412,10,9
412,6,7
412,8,2
412,1,10
413,14,5
413,1,3
413,14,12
413,7,4
413,12,5
413,1,14
413,6,2
414,5,3
414,2,6
415,4,1
415,3,1
415,10,9
415,8,9
415,10,7
416,8,11
416,5,2
416,9,1
416,12,10
416,6,8
416,11,7
416,11,12
417,7,4
417,3,1
417,5,8
417,1,3
418,4,12
418,0,6
418,1,9
418,9,4
418,8,3
418,4,8
418,1,13
418,1,13
418,8,6
418,13,12
418,4,12
418,13,9
418,5,2
418,10,6
419,5,4
419,3,1
419,0,1
419,2,0
419,0,6
420,1,4
420,1,2
420,0,6
420,3,5
421,1,7
421,3,7
421,3,1
421,4,3
421,7,5
421,0,6
421,6,0
422,5,7
422,5,0
423,3,8
423,2,0
423,4,8
423,6,7
423,1,3
423,7,6
423,5,7
424,8,1
424,8,2
424,0,1
424,7,5
424,6,4
424,4,8
425,7,8
425,7,0
425,6,7
425,5,1
425,3,6
425,1,0
425,3,4
425,8,5
425,9,1
426,8,4
426,3,1
426,4,10
426,3,10
427,5,1
427,6,0
428,7,6
428,7,6
428,3,6
428,4,7
429,0,6
429,0,8
429,13,9
429,13,5
429,8,12
429,5,1
429,10,6
430,5,2
430,6,2
430,3,6
430,1,3
430,1,6
430,5,4
431,5,0
431,4,1
431,5,1
431,1,2
431,2,3
432,2,3
432,4,2
432,3,2
432,3,1
432,3,5
433,5,11
433,0,13
433,6,1
433,2,12
433,11,6
433,14,10
433,0,12
433,1,5
433,11,8
433,10,3
433,3,14
433,2,1
434,7,1
434,1,4
434,2,0
434,4,7
434,7,3
434,7,4
434,7,4
435,11,3
435,4,2
435,2,1
435,11,3
435,8,13
435,12,9
435,12,13
435,8,3
435,2,13
435,5,13
435,1,4
435,7,8
436,2,3
436,1,2
436,1,2
436,4,5
436,1,3
436,1,4
437,7,6
438,4,3
439,9,12
439,3,0
439,7,5
439,11,8
439,7,3
439,4,7
439,1,3
439,11,12
439,3,2
439,11,12
440,3,4
441,7,1
441,2,3
441,3,7
441,0,2
441,1,5
441,7,1
442,4,3
442,12,5
443,7,6
443,7,3
443,7,4
443,3,6
444,4,2
444,8,4
444,11,7
445,7,2
445,3,5
445,1,3
445,0,4
445,2,0
445,1,2
445,1,7
446,3,2
446,0,4
447,3,1
447,3,6
448,3,1
448,0,2
449,5,2
449,8,6
449,1,5
449,2,4
449,7,3
450,0,1
450,7,4
450,5,3
450,7,5
450,2,5
450,2,3
450,6,3
451,4,3
451,4,2
451,1,0
451,5,0
451,3,5
452,1,14
452,6,0
452,9,11
452,11,10
452,3,1
452,8,1
453,6,5
453,4,6
453,11,2
453,4,5
453,2,6
453,3,0
453,11,0
453,5,1
453,4,5
453,7,5
453,11,6
454,4,1
454,1,4
455,5,6
455,1,0
455,0,9
455,4,2
455,2,4
455,2,4
455,2,8
456,5,3
456,4,1
456,1,6
456,0,7
456,6,1
456,9,1
456,5,4
456,6,7
457,2,4
457,11,6
457,3,13
457,5,0
457,7,8
457,8,11
457,3,9
457,12,9
457,0,5
457,10,2
457,10,11
457,8,13
458,7,5
458,11,1
458,12,13
458,8,5
458,14,9
458,5,9
458,6,13
458,12,1
458,11,5
458,10,9
459,8,9
459,4,7
459,4,7
459,5,8
459,8,0
459,13,14
460,1,5
460,2,8
460,0,6
460,5,4
460,9,1
460,0,4
460,3,4
460,8,9
460,8,6
461,8,11
461,0,11
461,11,1
461,6,5
461,0,3
461,6,7
461,7,4
461,9,3
461,8,7
461,9,8
462,7,3
462,6,9
463,6,4
463,2,4
463,9,3
463,12,4
463,10,9
463,0,11
463,9,12
464,2,1
464,2,1
465,2,7
465,7,12
465,8,0
465,5,11
465,13,12
465,1,8
465,0,12
466,7,14
466,7,10
466,0,12
466,1,2
466,14,12
466,2,3
466,2,1
466,1,13
466,14,7
466,4,7
467,3,0
467,8,3
467,7,0
467,3,8
467,7,3
467,6,2
467,2,3
468,4,3
468,0,1
469,1,7
469,8,1
469,8,7
469,10,4
469,9,0
469,3,6
469,8,2
469,6,10
469,6,4
469,10,2
470,8,3
470,6,12
471,1,9
471,14,10
471,10,7
471,5,1
472,7,6
472,5,7
472,8,1
472,7,2
472,5,9
472,8,4
472,7,5
472,6,5
472,8,6
473,0,4
473,3,5
474,7,5
474,2,7
474,1,2
474,7,6
474,7,1
474,6,4
475,4,0
475,0,2
475,1,2
476,0,2
476,6,3
476,4,5
476,2,0
477,5,9
477,7,8
477,12,9
477,3,8
477,11,2
477,12,10
477,6,5
477,6,2
477,11,12
477,0,6
477,9,8
477,5,12
478,3,10
478,5,7
478,3,2
478,2,0
478,0,2
478,10,5
478,5,4
479,8,6
479,7,6
479,8,5
479,3,6
480,7,3
480,1,2
480,8,5
481,0,3
481,5,1
482,5,2
482,9,2
482,2,9
482,6,1
482,3,5
482,3,0
483,5,3
483,4,2
483,7,8
484,7,8
484,7,6
484,3,8
485,1,3
485,1,0
485,3,1
486,9,6
486,4,7
486,5,2
486,7,1
486,6,3
486,0,6
486,5,2
486,9,1
487,5,6
487,1,2
487,6,4
487,2,1
487,4,3
487,2,5
487,5,1
488,4,10
488,4,10
488,0,11
488,2,3
488,3,2
488,8,7
488,9,2
488,3,4
488,8,11
488,5,11
489,1,3
489,5,0
489,5,7
490,10,1
490,1,10
490,3,6
490,9,5
490,1,10
490,4,7
490,0,6
491,4,2
491,0,2
491,2,0
492,7,5
492,0,6
492,5,6
492,1,6
492,2,6
492,6,0
492,0,3
493,7,5
493,9,6
493,3,9
493,6,9
493,6,1
493,0,2
493,9,1
494,5,11
494,12,2
494,0,10
494,6,3
494,0,12
494,12,10
494,8,9
494,10,3
494,0,10
494,7,3
495,12,6
495,10,11
496,6,2
496,9,5
496,2,6
496,0,2
496,8,7
496,3,2
496,0,1
496,1,3
496,10,5
497,6,9
497,12,7
497,7,0
497,9,0
497,8,4
497,8,5
497,7,0
497,10,9
497,11,4
498,1,5
498,0,4
498,0,2
498,2,5
498,2,3
499,4,6
499,3,6
499,5,3
499,11,1
500,6,2
500,0,4
500,4,6
500,1,7
500,4,7
501,7,5
502,5,2
502,4,1
502,3,1
502,5,0
502,5,4
503,0,4
503,6,4
503,1,2
503,6,2
503,1,0
504,11,1
504,4,1
505,9,12
505,11,3
505,12,5
505,0,2
505,0,2
505,12,0
505,1,7
505,3,12
505,12,0
505,10,12
505,3,6
506,4,6
506,10,0
506,1,13
506,14,10
506,4,2
506,12,0
506,10,8
506,0,3
506,12,14
506,6,5
506,12,6
506,10,6
507,4,2
507,4,3
507,1,0
508,0,8
508,3,1
508,2,1
508,4,0
508,6,2
508,5,7
509,4,1
509,2,1
509,3,2
509,0,3
510,2,4
510,0,1
510,5,4
510,7,6
511,11,10
512,0,3
512,1,5
512,0,4
512,3,4
512,5,1
513,3,5
513,4,0
513,3,4
513,2,3
513,3,4
514,2,1
514,7,1
514,3,6
514,0,6
515,3,9
515,2,8
515,0,3
515,5,9
515,9,1
515,8,7
515,6,7
515,1,8
515,0,9
516,1,11
517,4,3
517,2,0
517,3,5
517,6,2
517,3,4
517,9,5
518,10,5
518,8,9
518,7,14
518,2,3
518,10,2
518,9,13
518,7,3
518,5,12
518,12,14
518,3,0
518,0,13
518,5,12
519,3,0
519,2,1
519,5,4
519,6,0
519,2,6
519,2,0
520,4,5
521,2,3
521,1,4
522,2,5
522,3,4
522,4,6
522,3,1
522,0,6
522,1,6
522,4,1
523,3,8
523,0,5
523,6,1
523,5,0
523,2,0
523,1,5
523,5,0
524,1,2
524,5,3
524,2,1
525,0,1
526,6,13
526,7,4
526,5,12
526,8,0
527,1,5
527,1,0
527,5,2
528,1,5
528,1,3
528,6,4
528,4,6
528,7,2
528,0,3
529,5,0
529,7,0
529,4,1
529,4,9
529,3,6
529,8,9
529,1,3
529,0,7
529,4,9
529,5,9
530,2,3
530,4,1
531,1,4
531,5,1
531,4,1
531,3,0
532,4,5
533,2,1
533,0,2
533,1,2
534,4,0
534,3,4
534,3,5
534,2,4
534,2,3
535,2,8
535,5,2
535,10,12
536,1,4
536,4,1
536,2,1
536,4,3
537,0,9
537,9,7
537,11,9
537,2,12
537,1,3
537,14,12
537,13,9
537,2,11
537,14,6
537,13,5
537,12,7
537,2,14
537,1,11
538,2,0
538,3,4
538,3,6
538,1,3
538,5,2
539,5,4
539,0,1
539,1,7
539,4,3
539,7,3
539,8,7
539,5,8
540,3,13
540,5,7
540,10,14
540,9,13
540,13,2
540,8,1
540,0,1
540,0,13
541,13,7
542,1,7
542,6,7
542,2,1
542,0,1
543,6,2
543,12,9
543,3,4
543,9,11
543,5,12
544,9,5
544,0,5
544,1,6
544,9,4
545,4,10
545,6,2
545,9,5
545,9,5
545,5,7
545,1,4
545,10,9
545,0,6
545,3,9
545,1,7
546,7,5
546,4,6
546,3,4
546,4,7
546,0,5
546,2,3
546,6,3
547,9,7
547,1,4
547,8,4
547,8,7
547,0,1
548,8,0
548,5,9
548,6,1
549,1,0
549,1,11
549,7,3
549,11,3
549,6,4
549,8,0
549,7,8
549,8,9
549,0,2
549,3,4
549,6,1
549,10,5
550,1,0
551,4,0
551,0,7
551,3,7
551,6,5
551,6,1
551,4,0
551,4,3
552,10,8
552,6,5
552,5,1
552,10,13
552,9,0
552,1,7
552,5,9
552,5,2
552,11,10
552,6,7
552,0,9
553,9,1
553,8,3
553,8,0
553,1,4
553,2,0
553,3,7
553,4,1
553,2,0
554,0,3
555,5,2
556,2,0
556,4,3
556,5,3
557,0,6
557,8,2
557,6,0
557,7,0
557,4,7
558,1,10
559,2,0
559,3,9
559,4,11
559,8,3
559,5,1
560,8,4
560,1,6
560,8,4
560,4,5
560,1,2
560,8,2
560,5,2
560,0,10
560,6,10
561,11,2
561,5,0
561,11,7
562,4,3
563,8,5
563,4,9
564,2,8
564,4,5
564,2,5
565,2,6
565,2,6
565,4,2
565,5,1
565,1,7
565,8,10
565,7,3
566,1,3
566,6,4
566,2,3
567,3,8
567,0,5
567,8,4
567,6,2
567,7,1
567,4,2
568,5,2
568,2,4
568,5,2
569,9,12
569,11,3
569,10,9
569,0,11
569,7,4
569,7,2
569,5,10
569,6,12
569,3,1
570,2,0
570,0,2
570,0,3
570,1,4
571,8,10
571,0,5
571,5,6
571,4,7
571,1,3
571,4,0
571,10,8
571,3,6
571,5,0
572,3,2
572,3,1
572,7,3
572,5,4
572,2,6
573,7,10
573,13,12
573,4,12
574,0,3
574,1,2
574,9,3
575,2,4
575,1,4
575,5,1
575,4,8
575,7,6
575,1,0
576,7,0
576,13,4
576,1,9
576,11,6
577,0,4
577,4,0
578,6,1
578,7,2
578,7,4
578,3,7
578,1,7
579,2,5
580,8,10
580,6,9
580,6,2
580,4,5
580,9,0
580,6,10
580,14,6
580,14,4
580,12,10
580,5,3
580,9,2
580,5,2
581,6,7
581,0,4
581,1,3
581,5,4
582,11,5
582,6,2
582,11,8
582,5,10
582,9,4
582,9,6
582,1,12
582,0,9
582,1,6
582,4,7
582,5,7
582,10,8
583,6,4
583,10,11
583,7,1
583,13,11
583,3,5
583,12,9
583,13,5
583,12,4
584,5,11
585,7,1
585,7,1
585,0,5
585,3,6
585,0,5
585,2,7
586,2,7
586,8,5
586,2,7
586,8,3
586,3,1
587,2,0
587,1,2
587,1,4
587,1,2
588,2,0
588,4,6
589,9,12
589,0,14
589,8,2
589,14,1
589,1,11
589,8,9
589,14,9
589,6,13
589,0,11
590,2,1
590,4,0
591,8,9
591,10,5
591,3,11
591,1,11
591,1,2
592,4,2
592,2,1
593,0,1
593,4,7
593,4,2
593,8,6
593,7,0
593,5,8
593,3,13
593,13,9
593,12,10
593,10,6
594,2,1
594,0,3
594,4,0
595,1,2
595,2,0
595,3,8
595,8,9
595,5,6
595,6,0
595,7,0
596,3,4
596,1,3
596,0,3
597,1,2
597,8,7
597,3,4
597,10,0
597,0,3
597,1,3
597,8,2
598,1,2
598,2,0
599,13,11
599,13,7
599,11,6
599,5,7
599,7,0
599,6,4
600,1,7
600,10,2
600,10,3
600,3,6
600,2,4
600,9,0
600,4,9
601,14,6
601,0,9
601,1,8
601,1,11
601,11,10
601,5,14
601,1,2
601,5,1
601,4,1
601,0,3
601,9,5
602,2,4
602,6,2
602,0,2
602,3,1
602,4,3
603,2,3
603,2,4
604,3,2
604,1,6
604,2,5
604,4,3
604,5,7
604,5,7
604,7,5
604,6,0
605,3,4
605,9,7
605,1,8
605,3,8
605,8,1
605,6,8
605,2,9
605,0,9
606,2,7
606,6,2
606,1,0
607,6,0
607,2,0
607,0,1
607,1,4
608,5,3
609,0,1
609,0,6
609,2,5
609,7,8
609,4,7
609,5,2
609,5,0
609,5,11
609,6,1
609,12,11
610,6,5
611,5,1
612,1,3
612,1,7
612,2,5
612,2,5
612,5,3
612,8,6
612,4,0
612,2,7
613,2,6
613,6,3
613,4,2
613,7,1
613,0,2
613,6,7
613,3,1
614,3,7
614,3,0
614,1,2
614,6,5
615,1,2
615,0,2
615,3,0
615,0,2
616,4,3
616,9,5
616,4,2
616,4,2
617,2,1
617,5,6
617,13,8
617,10,0
617,2,7
618,5,9
618,7,0
618,2,3
618,0,1
618,7,0
618,2,10
618,5,2
618,2,1
618,7,6
619,1,4
619,0,1
619,2,4
619,1,2
620,7,8
621,8,5
622,5,1
622,7,2
622,3,6
622,7,3
622,5,3
622,0,5
622,3,6
622,5,0
623,4,0
623,12,2
623,7,5
623,8,2
623,4,11
623,1,14
623,0,2
623,4,14
623,0,13
624,10,6
624,6,8
624,10,3
624,10,5
624,10,5
624,10,0
624,1,6
624,9,2
625,2,6
625,7,12
625,0,9
625,9,10
625,11,6
625,0,9
625,4,8
625,13,12
625,11,1
625,8,3
625,11,13
626,5,4
626,3,6
626,3,1
627,4,6
628,3,5
628,4,5
629,11,0
629,1,2
629,11,4
629,9,8
629,5,6
630,9,4
630,4,9
630,7,0
630,5,2
631,8,1
631,0,8
631,1,4
631,7,2
631,1,12
631,6,1
631,7,13
631,10,13
632,3,1
632,4,0
632,2,3
633,2,4
633,3,1
633,4,3
633,1,2
633,2,4
633,7,6
633,5,4
634,8,0
635,6,3
635,6,9
635,7,2
635,6,2
635,6,10
635,10,7
636,0,3
636,5,2
636,9,2
636,4,9
636,9,10
636,6,0
636,2,0
636,1,9
636,5,12
636,2,3
636,2,11
637,11,10
637,11,5
637,10,13
637,9,8
637,7,1
637,6,3
637,10,0
637,4,1
637,10,12
637,12,10
637,4,7
637,10,5
638,8,6
639,0,1
639,4,0
639,2,1
639,5,2
639,1,4
639,3,6
640,1,0
640,7,3
641,9,5
641,9,6
641,6,7
641,6,7
641,2,7
641,6,7
641,6,0
642,8,7
642,2,1
642,3,4
642,2,12
642,9,8
642,12,10
642,3,9
642,0,9
642,5,0
642,1,9
643,6,3
643,1,0
643,2,1
644,7,10
644,9,6
644,11,2
644,7,2
644,11,4
644,3,7
644,10,9
644,8,10
644,8,7
645,2,1
645,5,3
645,1,4
646,8,9
646,7,9
646,2,5
646,3,8
646,7,3
646,1,4
646,10,4
647,7,2
647,8,7
647,9,8
647,3,2
647,4,6
647,9,8
648,2,0
648,4,1
648,5,1
649,0,6
649,2,7
649,2,1
650,10,4
650,7,2
650,4,7
650,4,6
650,0,1
650,2,3
650,7,14
650,9,14
650,13,8
651,3,1
651,0,4
651,8,0
652,0,5
652,6,3
652,0,5
652,3,1
652,5,1
652,6,5
653,5,4
653,1,3
653,7,9
653,4,7
653,7,2
654,3,0
655,1,3
656,0,3
656,7,9
656,10,7
656,3,8
656,2,3
656,6,9
656,6,1
656,5,4
657,4,5
657,6,1
657,1,2
657,3,0
657,6,2
657,6,8
657,5,7
658,6,3
658,9,8
658,9,8
658,3,1
658,3,8
658,0,8
658,5,3
659,6,8
659,4,1
659,7,11
659,6,3
659,1,5
659,6,11
659,2,11
659,9,6
660,6,8
661,3,5
661,0,5
661,0,5
661,4,2
661,0,1
662,8,5
662,0,3
662,10,9
662,5,6
662,8,1
662,8,5
662,6,0
662,3,0
663,0,9
663,4,8
664,4,1
664,0,1
664,4,2
665,4,7
665,5,12
665,10,6
665,6,8
665,5,1
665,4,1
666,10,9
666,8,5
666,5,9
666,5,2
666,5,9
666,9,3
666,6,9
666,3,7
666,3,4
666,1,0
667,10,6
667,0,9
667,0,4
668,9,2
668,7,1
668,5,10
668,9,8
668,3,6
668,1,0
668,8,4
669,8,6
669,8,0
669,1,6
669,4,5
670,7,5
670,5,2
670,6,0
670,6,4
670,6,3
670,0,6
671,0,10
671,2,7
671,12,2
671,9,5
671,8,2
672,5,4
673,0,3
673,1,8
674,1,3
674,0,2
675,3,11
675,11,9
675,2,10
675,11,10
676,0,10
676,5,0
677,3,13
677,0,1
677,5,10
677,1,6
677,12,3
677,4,1
677,3,4
677,7,1
677,4,11
677,12,5
677,13,8
677,10,7
678,9,11
678,1,4
678,5,2
678,3,0
678,7,10
678,4,6
679,2,5
679,0,1
679,5,1
679,7,3
679,7,4
679,5,3
680,6,0
680,1,7
680,0,7
680,5,1
680,6,5
680,0,1
680,5,6
681,7,5
681,1,5
681,2,6
682,1,3
682,2,4
682,11,2
682,8,11
683,5,9
683,0,7
683,5,2
683,0,7
683,9,5
683,3,5
683,5,8
683,5,9
683,2,6
684,4,0
684,2,1
684,3,4
685,0,2
685,3,2
685,0,4
685,1,4
686,3,6
686,5,6
686,8,2
686,0,7
686,2,3
686,1,10
686,10,1
686,10,8
687,2,1
687,4,7
687,9,3
687,7,1
687,11,3
687,3,7
687,0,9
687,4,10
687,11,3
687,7,5
688,4,3
688,6,4
688,0,5
688,3,0
688,2,6
689,4,6
689,1,7
689,0,8
689,4,7
689,7,5
689,7,8
690,0,5
691,8,9
691,3,1
691,8,1
691,8,1
691,8,0
692,13,0
692,13,0
692,13,0
692,12,5
692,8,5
692,4,5
692,10,3
692,4,13
692,3,2
693,1,4
693,3,1
693,5,10
693,4,1
693,5,0
693,9,0
694,2,10
694,9,3
694,0,8
694,5,6
694,9,0
694,5,10
694,1,3
695,6,3
695,4,0
695,2,6
695,1,4
695,4,3
695,3,4
696,2,0
696,11,4
696,0,5
697,5,0
698,2,1
698,6,2
698,5,1
698,9,8
699,7,2
699,10,3
699,1,3
699,4,6
699,9,4
699,7,10
700,2,4
700,2,3
700,5,1
700,1,0
700,4,2
700,3,5
701,4,7
701,1,6
701,3,4
701,7,4
701,8,0
701,2,9
702,5,8
702,8,3
702,5,8
703,0,1
703,0,5
703,1,3
704,0,4
704,4,3
704,1,3
704,2,3
704,1,2
705,5,2
705,3,2
705,4,2
705,2,1
705,4,2
706,1,3
706,6,2
706,3,5
706,4,0
706,3,2
707,14,7
707,10,1
707,0,8
707,0,7
707,8,6
707,8,10
707,7,4
707,3,4
707,9,10
708,1,0
708,5,4
709,1,6
709,3,6
709,4,8
709,8,3
709,5,2
709,10,1
709,0,11
710,1,2
710,4,0
711,3,0
711,4,1
711,5,1
711,6,0
711,8,7
711,8,0
712,9,0
712,2,4
712,1,6
712,4,9
712,6,7
713,6,11
713,11,5
713,4,6
713,8,0
713,2,11
714,2,3
715,9,12
716,1,8
716,0,2
716,3,6
716,5,8
716,4,1
716,7,8
717,3,2
717,2,0
717,5,1
718,6,2
718,10,8
718,1,9
718,3,6
719,7,2
719,5,1
719,4,3
720,12,0
720,7,1
721,6,3
721,8,9
721,9,7
722,4,2
722,5,2
722,5,4
722,4,3
722,5,2
722,5,4
723,0,5
723,8,1
723,5,6
723,4,6
723,3,4
723,5,4
724,1,0
724,1,12
724,2,4
724,1,12
724,7,1
724,5,13
724,4,1
724,12,5
724,2,0
724,6,13
724,4,5
724,12,0
725,11,5
725,1,4
726,1,4
726,7,3
726,5,0
726,2,5
726,0,7
726,6,4
726,3,4
727,0,5
727,4,7
727,0,5
727,7,4
727,6,3
727,4,6
727,4,7
728,6,0
729,7,8
729,1,2
729,2,4
729,4,2
729,0,1
730,9,5
730,8,0
730,11,2
730,11,5
730,0,7
730,4,8
730,1,2
730,0,7
730,8,2
730,1,9
731,7,3
731,6,4
732,3,5
732,5,6
732,1,5
732,4,5
732,3,4
733,8,7
733,1,5
733,6,5
733,11,10
733,4,6
734,7,6
734,2,4
734,8,5
734,7,6
734,0,9
734,7,0
735,0,4
735,2,4
736,7,8
736,4,5
737,5,3
737,6,0
737,4,3
737,6,4
738,3,2
738,3,4
739,3,4
739,0,3
740,12,6
740,6,10
740,9,2
740,12,11
740,2,8
740,4,3
740,8,12
740,1,9
740,10,8
740,13,0
740,6,1
740,12,1
741,4,1
741,5,0
741,3,0
741,5,0
741,3,1
742,1,3
742,4,5
742,3,7
742,0,1
743,4,3
744,7,3
744,1,2
745,8,1
745,9,2
745,7,9
746,12,7
746,6,8
746,12,11
746,2,5
746,6,8
746,5,11
746,3,5
746,5,9
747,4,0
747,5,3
747,8,0
747,5,2
747,9,7
747,8,9
747,6,9
747,6,3
747,2,6
748,6,3
748,3,1
748,2,6
748,7,5
748,4,6
748,5,7
749,1,6
750,0,3
750,0,1
751,3,0
751,2,7
751,7,5
751,7,8
751,3,10
751,7,2
751,9,7
751,6,4
752,1,5
752,2,5
752,5,6
752,5,0
752,6,4
752,3,1
753,7,4
753,3,7
753,2,1
753,11,6
754,0,3
754,3,1
754,6,0
754,1,6
754,7,5
755,7,6
755,8,2
755,0,3
756,5,2
756,7,2
756,1,5
756,3,0
756,7,6
757,2,12
758,4,7
758,0,6
759,9,11
759,10,6
759,0,4
759,2,11
759,10,8
760,5,0
760,10,4
760,0,7
760,1,2
761,3,9
761,3,2
761,6,0
761,3,7
761,7,3
762,0,6
762,10,3
762,8,6
762,4,7
762,9,3
762,0,3
762,5,9
762,9,8
762,5,9
763,11,1
763,11,1
763,7,4
763,1,4
763,5,4
764,5,1
764,1,6
764,7,4
764,5,0
764,3,1
764,0,4
764,6,0
765,0,1
765,4,1
765,7,11
765,9,10
765,1,12
765,4,2
765,2,10
765,3,9
765,11,10
765,12,3
765,3,5
765,12,11
766,3,0
766,4,1
766,2,1
767,2,5
767,4,6
767,5,0
768,2,4
769,5,2
769,6,3
769,5,0
770,0,4
770,13,7
770,7,3
770,9,8
770,9,5
771,0,4
771,3,6
771,5,4
771,1,4
771,4,1
771,2,3
772,2,5
772,2,3
772,2,3
772,1,4
773,1,4
773,9,1
773,0,8
773,5,6
773,8,7
773,10,8
773,4,0
774,3,7
774,10,3
774,0,5
774,4,2
774,9,11
775,0,4
775,6,3
775,2,0
775,3,0
775,0,3
775,6,5
776,2,7
776,9,2
777,0,5
777,5,1
777,7,1
777,7,8
778,5,10
778,6,3
778,5,10
778,9,11
778,6,10
778,12,4
779,4,5
779,7,8
779,11,3
779,12,2
779,9,4
780,5,8
780,1,2
780,2,5
780,3,4
781,1,4
781,0,4
781,4,2
782,2,5
782,1,6
782,7,3
782,6,1
782,5,6
782,8,1
783,5,6
784,4,9
785,1,6
785,6,0
785,1,4
785,0,7
785,5,4
785,0,1
785,8,0
786,0,7
786,2,8
786,3,0
786,2,4
786,3,7
786,8,6
786,4,0
786,1,10
787,3,2
787,9,5
787,4,6
787,0,10
787,10,9
787,8,3
787,3,1
787,4,0
788,5,2
788,1,3
788,4,1
788,6,0
788,4,6
789,7,4
789,0,8
790,4,6
790,1,7
790,8,10
790,1,0
790,3,5
790,9,1
790,12,1
790,4,5
790,10,2
791,8,5
791,0,4
791,7,8
791,2,8
791,4,1
791,9,1
792,4,5
792,11,7
792,8,6
792,13,3
792,3,13
792,5,8
792,12,6
792,14,0
792,2,13
792,7,13
792,6,4
792,0,14
792,5,6
793,11,3
793,7,5
793,10,8
794,3,1
794,1,2
795,2,0
795,2,0
795,4,5
795,0,3
795,0,5
796,6,1
796,1,5
796,0,5
796,5,4
796,7,1
796,0,2
797,9,8
797,9,7
797,9,2
797,3,7
797,9,3
797,5,8
797,1,5
797,6,5
797,7,5
798,5,3
798,2,8
798,0,1
798,0,8
798,8,2
799,5,7
799,9,7
799,11,3
799,5,10
800,6,7
800,4,6
800,5,2
800,3,4
800,2,7
800,5,8
801,12,2
801,6,7
801,3,4
801,3,10
801,10,2
801,0,8
802,8,5
802,4,6
802,2,1
802,0,6
802,3,2
802,1,8
803,0,1
803,1,4
803,2,3
803,4,2
804,6,0
804,2,9
804,10,2
804,10,3
805,0,9
805,2,10
805,7,1
805,11,6
806,2,4
807,1,5
807,2,1
807,5,7
807,2,6
807,7,3
808,8,1
809,5,12
809,11,0
809,8,3
809,6,10
809,7,10
809,3,13
809,9,13
809,7,4
809,3,10
810,4,1
810,0,2
810,2,5
810,6,5
810,7,5
810,6,2
810,5,0
811,4,0
811,2,3
812,9,8
812,3,2
812,0,10
812,12,10
812,12,13
812,13,6
812,10,7
812,10,14
812,9,2
812,8,5
812,3,4
812,1,2
812,12,9
812,7,4
813,13,10
813,2,7
813,5,0
813,0,5
813,14,3
813,11,12
813,13,12
813,7,1
813,6,2
814,3,8
814,9,0
814,2,9
814,11,7
814,9,10
814,5,8
814,4,10
814,1,12
814,6,7
814,3,0
814,0,6
815,9,12
815,6,9
815,3,14
815,5,1
815,12,9
815,11,6
815,7,4
815,14,7
816,0,5
816,7,2
816,9,2
816,7,2
817,7,5
817,5,6
817,6,8
817,1,7
817,3,5
818,9,1
819,2,3
819,3,1
820,4,6
820,0,1
820,3,0
820,0,3
821,1,3
821,10,3
821,9,10
821,10,11
821,8,0
822,3,1
822,5,4
822,5,0
822,0,1
822,1,0
823,6,0
823,12,4
823,5,12
823,9,13
824,2,3
824,0,1
825,6,9
825,8,9
825,9,5
825,4,3
825,0,8
825,9,3
825,1,9
825,0,4
825,9,4
826,2,5
826,5,1
826,4,1
826,2,4
826,0,4
826,5,6
827,4,8
827,7,5
828,0,6
828,7,5
828,1,5
828,2,5
829,6,2
830,0,1
830,4,5
830,1,6
830,5,4
831,2,3
832,12,8
832,2,5
832,3,12
832,2,4
832,11,12
832,9,0
832,12,14
832,10,11
832,7,0
832,0,3
832,0,10
832,10,7
832,12,8
833,4,3
833,2,0
834,3,0
835,10,1
835,7,1
836,5,6
836,5,4
836,4,8
836,7,6
836,0,7
836,5,6
836,2,9
836,2,5
836,5,3
837,2,9
837,7,4
837,3,7
837,1,9
837,8,4
837,2,0
838,9,13
838,7,12
839,2,1
840,4,5
841,2,5
841,7,5
841,5,3
841,0,3
841,0,3
841,6,8
841,5,3
842,13,8
842,1,2
842,10,8
842,13,2
842,13,8
842,13,5
842,3,4
842,6,8
842,6,9
842,0,5
842,8,4
842,9,12
842,13,10
843,6,3
843,9,8
843,0,6
843,9,6
843,7,6
843,8,3
843,7,1
844,4,1
845,4,3
846,3,6
846,5,0
846,3,8
846,8,0
846,8,1
846,0,5
846,3,1
846,8,2
847,13,6
847,12,0
848,4,0
849,4,2
850,3,0
850,4,3
851,10,2
851,9,1
851,3,8
851,11,6
851,3,13
851,10,11
851,5,11
851,4,14
852,2,7
852,3,4
852,1,7
852,4,9
852,4,5
852,7,6
853,6,0
853,10,8
853,2,4
853,2,10
853,5,0
854,5,0
854,1,5
854,4,5
854,2,6
854,6,7
854,8,4
855,1,4
855,4,2
855,9,7
855,6,1
855,2,9
856,6,4
856,9,11
856,4,5
856,13,8
856,13,3
857,10,1
857,9,3
857,6,5
857,5,2
857,6,5
857,2,7
857,4,6
857,6,0
857,10,9
858,4,2
858,4,2
858,0,4
859,1,2
859,0,3
859,3,2
859,0,1
860,7,2
861,7,4
861,1,5
861,2,4
861,1,3
861,7,0
862,5,3
862,0,1
862,2,4
862,6,3
862,5,7
862,0,2
862,3,5
863,12,5
863,5,11
863,13,8
864,5,13
864,2,5
864,7,13
864,0,4
864,7,8
864,7,9
864,8,13
864,12,3
864,1,4
864,8,11
864,0,4
865,8,5
865,7,4
865,3,5
865,1,8
865,7,0
865,4,0
865,5,7
865,5,1
866,3,5
866,1,6
866,4,1
867,0,3
867,5,2
868,8,5
868,0,4
868,3,1
868,1,7
868,4,1
868,4,2
868,7,8
868,1,4
868,1,4
869,3,1
869,1,5
870,5,11
870,12,3
870,10,8
871,6,5
871,5,4
872,14,12
872,8,6
872,0,12
872,2,6
872,10,2
872,12,1
872,2,11
872,2,9
872,0,13
872,3,12
872,11,13
873,11,0
873,6,11
873,4,12
873,5,11
873,1,11
873,11,1
873,3,11
874,7,5
874,8,4
874,12,4
874,10,6
874,7,3
875,1,4
875,5,0
875,1,3
875,4,5
875,4,1
876,5,3
876,9,1
876,2,7
876,0,10
876,5,6
876,1,2
876,8,1
876,5,1
876,9,5
876,0,9
877,10,7
877,7,8
877,6,7
877,0,4
877,3,6
877,0,9
877,11,10
877,2,6
878,8,4
879,3,1
880,13,5
880,2,0
880,5,1
880,1,0
880,12,11
881,7,1
881,9,7
881,11,9
881,3,6
881,10,5
881,7,13
881,0,6
881,5,6
881,3,5
881,7,13
881,0,9
881,11,1
882,9,8
883,6,2
884,3,1
884,2,0
884,5,3
884,3,4
884,3,6
884,0,1
884,0,5
884,1,5
885,12,2
885,8,9
885,0,4
885,4,5
885,9,6
885,0,9
885,8,3
885,7,2
885,11,6
886,5,8
886,4,8
886,0,11
886,8,9
886,6,2
886,4,5
886,1,5
886,10,0
887,0,5
887,6,7
887,6,4
887,3,0
887,4,5
888,10,4
888,5,8
888,8,0
888,4,8
888,10,1
889,4,1
889,5,7
889,4,1
889,0,2
890,0,1
890,2,3
890,0,11
890,3,10
890,8,4
890,3,9
890,10,2
890,2,7
890,6,9
890,5,11
890,10,7
891,3,9
891,9,11
891,7,5
891,0,9
891,9,0
891,4,1
891,10,0
891,3,10
892,3,1
892,4,0
892,7,3
892,1,8
892,3,10
892,7,0
892,8,3
892,0,5
892,3,2
892,5,0
893,0,7
894,0,3
894,5,3
894,7,8
895,11,9
895,4,6
895,6,9
895,7,10
896,3,2
896,8,12
896,5,11
896,8,0
896,11,7
896,3,12
896,7,6
896,3,2
897,4,8
897,3,5
897,6,2
897,0,5
897,8,4
898,8,3
898,10,3
898,7,1
898,8,1
899,9,12
899,7,1
899,1,7
899,7,5
899,5,0
899,5,4
899,3,2
899,11,3
899,3,4
899,3,7
899,11,0
899,9,12
900,0,4
901,2,12
901,6,4
901,9,5
901,7,0
901,4,5
901,11,4
901,7,4
901,11,2
901,10,11
901,11,6
902,3,1
902,3,1
903,3,4
904,2,11
904,11,2
904,5,11
904,12,1
905,1,3
905,1,4
905,0,1
906,6,1
906,1,6
906,3,0
906,2,1
906,6,0
906,1,0
907,9,2
908,7,2
908,8,1
908,10,0
909,6,4
909,0,6
909,2,4
909,0,5
910,11,1
910,2,10
910,4,2
910,3,4
910,1,8
910,10,8
911,1,4
911,1,4
912,3,2
912,1,4
912,2,1
913,3,6
913,5,7
913,2,3
914,12,1
915,6,0
915,5,2
915,7,1
915,5,1
915,1,2
915,3,4
916,3,1
916,3,0
916,3,2
916,8,4
917,8,3
917,2,8
918,4,0
918,4,3
918,1,5
918,5,2
918,5,0
919,2,10
919,8,5
920,0,3
920,1,6
920,1,0
920,2,1
920,5,3
920,5,7
920,5,1
921,10,7
921,9,11
921,6,8
921,5,3
921,4,9
921,10,1
921,0,4
921,7,11
921,7,6
921,8,12
921,6,8
921,12,3
922,0,1
922,0,1
922,3,0
923,6,11
923,4,8
923,2,7
923,5,6
923,10,3
923,9,5
923,7,10
923,5,10
923,11,7
923,6,5
924,6,7
925,11,4
925,10,4
925,3,6
925,5,13
925,8,5
925,7,0
925,1,12
925,11,12
925,8,1
926,8,1
927,1,3
927,2,4
927,2,0
927,1,5
928,9,0
928,8,1
928,1,2
929,2,1
929,6,5
929,8,2
929,3,9
929,2,0
929,5,9
929,0,5
930,8,4
931,3,1
931,4,5
931,5,0
932,11,6
932,3,6
932,1,9
932,1,0
933,0,6
933,4,7
933,7,1
933,3,7
933,0,7
933,7,2
934,7,10
934,10,6
934,9,1
934,7,12
934,7,1
934,0,1
934,10,1
934,12,3
934,13,3
934,12,5
935,2,6
935,3,2
935,5,0
935,1,0
935,0,1
935,4,3
936,0,4
936,4,2
936,7,4
936,0,8
936,0,7
936,6,0
937,2,1
937,0,2
937,0,3
937,1,11
937,3,8
937,2,8
937,3,9
937,2,9
937,7,11
937,1,9
937,8,2
938,5,4
938,0,4
938,8,1
938,7,2
938,0,5
939,4,0
939,6,0
939,7,9
939,10,11
939,8,6
939,7,4
940,6,2
940,2,1
941,2,10
941,11,14
941,6,14
941,1,6
941,10,8
941,8,10
941,12,14
941,7,9
941,11,7
942,4,1
942,5,7
942,2,5
942,1,4
942,8,5
942,4,1
942,8,0
943,4,1
943,5,1
943,4,0
943,4,1
943,4,5
944,0,3
945,6,8
945,0,13
945,13,5
945,6,12
945,6,5
945,8,6
945,0,3
945,11,5
945,11,5
945,1,11
945,12,5
945,12,5
945,11,13
946,2,4
946,3,2
946,2,0
946,4,3
947,4,1
948,4,1
948,0,5
948,4,5
948,4,0
948,0,2
949,1,0
949,3,5
950,4,6
951,6,2
951,8,1
951,6,0
951,8,4
951,7,0
951,3,1
951,7,6
951,8,3
951,5,7
952,0,3
953,4,12
953,4,9
953,2,7
953,4,13
953,3,4
953,0,5
953,7,11
954,0,10
955,3,12
955,3,10
956,0,9
956,8,2
956,8,0
956,2,5
956,9,10
956,0,10
956,4,2
956,6,1
956,9,2
956,1,7
957,0,1
958,1,0
958,2,11
958,8,11
958,5,2
959,4,3
959,5,11
960,11,2
960,8,10
960,1,11
960,1,5
960,7,4
960,2,4
960,9,0
961,2,5
961,0,3
961,1,5
961,3,7
961,2,3
962,2,3
963,4,1
963,0,4
963,1,6
964,0,3
964,3,2
964,4,3
964,7,2
964,0,5
964,0,6
965,12,3
965,14,12
965,14,10
965,0,4
965,2,6
965,4,7
965,4,3
965,4,14
966,1,11
966,6,11
966,1,12
966,12,13
966,6,5
966,11,9
966,11,7
966,4,3
966,13,1
966,11,5
966,3,12
966,3,8
967,6,0
967,2,3
967,5,2
967,6,2
967,6,1
967,0,1
968,4,0
968,2,5
968,5,0
968,5,0
969,4,9
969,9,2
969,1,0
969,3,6
969,6,9
969,1,10
970,0,10
971,0,1
971,1,5
971,2,4
971,1,4
971,2,4
972,4,3
972,0,3
972,0,1
973,1,0
973,0,1
974,5,10
974,3,0
974,6,1
974,8,7
974,0,2
974,8,4
974,6,1
974,10,8
974,8,9
974,2,1
975,9,11
975,11,1
975,6,1
975,1,2
975,4,6
975,10,0
975,7,2
975,6,2
976,11,14
976,4,2
976,13,1
976,1,3
976,9,5
976,3,2
976,9,11
976,13,6
976,6,4
976,3,7
976,4,5
977,2,1
977,3,4
977,5,0
977,10,5
977,1,7
977,5,3
978,0,4
979,5,9
979,6,0
980,1,4
980,4,3
980,4,0
980,6,1
980,1,6
981,0,8
981,8,2
981,10,1
981,0,5
981,6,10
981,7,5
981,3,2
981,9,8
981,3,4
982,1,2
982,0,9
982,12,4
982,0,10
982,9,8
982,11,0
982,6,11
982,7,5
982,7,6
982,3,8
983,4,8
983,7,3
983,2,0
983,10,7
984,9,12
984,0,10
985,6,2
985,2,7
985,1,11
985,5,1
985,12,9
985,0,7
985,13,0
986,5,3
986,2,0
986,4,5
986,0,1
986,5,0
986,4,2
987,1,2
987,7,1
987,11,0
987,5,6
987,6,0
987,11,7
987,3,8
988,3,5
988,5,6
988,6,4
989,2,3
990,7,1
990,2,4
990,5,1
990,3,6
990,7,9
991,2,10
991,3,0
991,1,6
991,7,8
992,8,2
992,3,5
992,8,4
992,6,4
992,2,5
992,9,1
992,7,5
992,5,4
992,3,6
993,0,2
993,1,5
993,2,6
993,1,2
993,0,1
993,6,1
994,12,8
994,13,12
994,9,10
994,10,8
994,4,1
994,6,8
994,13,6
994,11,10
994,12,4
994,0,1
994,6,0
994,12,2
995,8,0
995,5,4
995,11,9
995,7,1
995,9,1
995,6,5
995,10,9
995,4,1
995,9,10
995,2,7
995,4,5
996,5,0
997,9,3
997,7,0
997,0,11
997,5,11
997,2,1
997,2,9
997,0,8
997,11,6
998,4,1
998,2,4
998,3,4
999,10,5
999,4,7
999,4,3
999,3,4
999,4,11
999,5,9
999,9,11
999,4,1
999,9,11
999,8,0
999,2,0
