SampleID,ObstacleID,X,Y,Width,Height
0,0,6,50,13,5
0,1,45,69,12,12
0,2,21,34,12,11
1,0,56,26,7,7
1,1,50,38,6,15
2,0,10,79,13,11
2,1,59,23,5,13
3,0,23,60,11,12
3,1,84,0,10,7
4,0,32,27,14,14
4,1,28,69,14,10
5,0,5,56,11,14
5,1,80,56,8,13
5,2,30,25,11,7
6,0,57,83,6,10
6,1,59,14,7,8
7,0,4,18,6,11
7,1,16,45,11,14
7,2,67,1,15,10
8,0,20,31,7,7
8,1,14,38,10,15
8,2,73,82,9,10
8,3,26,35,7,15
9,0,4,90,11,11
9,1,88,58,10,14
9,2,39,53,5,15
9,3,14,19,8,14
10,0,86,80,14,10
11,0,1,58,7,15
11,1,6,82,10,7
12,0,80,4,6,7
12,1,84,29,10,5
12,2,67,29,5,8
13,0,42,65,7,15
13,1,73,30,9,12
13,2,86,18,13,6
13,3,16,51,11,12
14,0,56,27,12,7
14,1,12,7,13,5
14,2,18,81,13,11
14,3,76,66,14,12
15,0,43,62,15,15
15,1,85,23,12,15
15,2,28,7,6,15
16,0,34,12,8,14
16,1,84,51,9,9
17,0,47,12,13,13
17,1,33,43,9,5
17,2,64,24,11,6
17,3,88,21,6,6
18,0,44,57,12,15
18,1,89,76,12,13
19,0,26,3,8,14
19,1,65,54,10,11
19,2,78,49,12,14
19,3,67,53,9,13
20,0,4,70,9,8
20,1,44,57,13,11
21,0,50,36,11,11
21,1,22,88,10,5
21,2,53,28,6,15
22,0,33,72,7,11
22,1,11,34,5,5
22,2,14,41,14,13
22,3,51,16,5,13
23,0,7,8,8,12
23,1,25,61,14,5
24,0,32,45,8,7
24,1,61,1,10,5
24,2,16,1,8,11
25,0,9,86,15,13
25,1,43,80,12,11
25,2,25,61,6,13
26,0,46,27,5,10
26,1,7,15,6,7
26,2,54,16,14,10
26,3,21,60,5,6
27,0,25,24,10,9
27,1,70,63,8,6
27,2,23,55,13,15
27,3,63,84,9,11
28,0,79,59,7,15
28,1,56,49,6,15
28,2,87,39,9,8
28,3,34,18,10,11
29,0,76,60,12,11
30,0,44,41,11,7
31,0,20,75,11,10
31,1,32,48,10,12
31,2,57,51,10,15
32,0,76,65,9,9
32,1,3,74,13,7
32,2,23,59,5,9
33,0,64,19,11,15
34,0,86,0,13,13
34,1,27,16,11,13
35,0,78,28,6,8
35,1,30,86,10,14
35,2,90,89,6,11
35,3,49,20,15,10
36,0,90,68,8,9
36,1,12,26,12,15
36,2,57,78,6,8
36,3,88,34,8,5
37,0,11,56,10,6
37,1,41,48,11,8
37,2,2,15,5,12
38,0,25,21,15,14
39,0,64,13,15,8
39,1,88,29,9,10
39,2,79,84,15,12
40,0,65,62,5,12
40,1,74,63,11,11
40,2,37,55,7,11
41,0,65,31,6,9
41,1,46,12,12,13
41,2,40,24,5,13
41,3,24,85,12,9
42,0,43,28,9,14
42,1,0,11,13,5
42,2,30,90,15,10
43,0,47,22,5,9
43,1,33,56,7,10
44,0,58,81,8,7
44,1,0,57,10,7
45,0,78,66,9,12
45,1,2,86,13,7
46,0,90,49,7,9
46,1,80,37,14,12
46,2,64,72,15,9
46,3,28,72,10,11
47,0,59,50,11,12
47,1,83,90,7,6
48,0,39,37,11,12
48,1,22,53,11,15
48,2,59,1,6,7
48,3,6,24,8,10
49,0,26,38,9,14
50,0,27,23,10,13
50,1,80,85,15,6
51,0,56,35,14,15
51,1,66,22,11,6
52,0,22,72,11,15
52,1,25,59,14,9
52,2,2,83,9,5
52,3,64,55,5,15
53,0,1,75,13,14
53,1,55,62,10,5
53,2,43,74,11,7
54,0,13,84,12,14
54,1,66,7,10,8
54,2,15,42,8,15
55,0,23,15,13,14
56,0,21,5,5,13
56,1,1,25,5,14
56,2,6,21,13,9
56,3,87,29,13,5
57,0,48,75,5,8
57,1,61,47,12,15
57,2,33,41,10,14
58,0,61,82,10,14
58,1,47,2,13,8
58,2,1,63,7,12
58,3,47,0,13,10
59,0,55,40,11,13
59,1,10,85,8,12
59,2,19,51,12,11
60,0,26,11,5,10
61,0,59,80,12,6
61,1,88,2,14,14
62,0,75,7,9,15
63,0,82,53,6,5
63,1,8,80,10,15
64,0,74,9,9,15
65,0,70,75,8,13
65,1,66,16,8,8
65,2,90,69,7,5
66,0,16,63,10,14
66,1,24,85,10,14
67,0,52,75,12,9
67,1,72,47,6,15
68,0,76,63,10,13
69,0,46,47,12,14
69,1,35,14,14,9
70,0,82,51,8,7
70,1,32,20,12,13
70,2,82,65,12,5
70,3,71,1,14,13
71,0,70,85,11,8
71,1,67,64,10,12
71,2,13,80,8,12
72,0,74,8,14,5
72,1,78,2,8,11
72,2,41,24,6,8
73,0,87,69,14,15
73,1,27,41,11,10
73,2,7,59,8,10
74,0,28,12,12,6
74,1,13,65,7,6
74,2,33,41,5,9
75,0,27,85,11,14
75,1,3,84,5,5
75,2,3,41,6,5
76,0,68,23,14,11
76,1,7,31,8,12
76,2,79,57,15,9
76,3,11,60,12,10
77,0,33,83,14,13
77,1,70,64,8,6
78,0,76,77,11,10
78,1,6,46,5,8
78,2,78,40,5,8
79,0,76,57,11,14
79,1,73,34,15,6
80,0,59,44,15,11
80,1,19,27,8,11
80,2,34,75,5,11
80,3,32,80,10,14
81,0,83,63,8,11
82,0,39,33,10,5
83,0,29,41,10,15
84,0,78,39,7,11
84,1,6,72,13,12
84,2,69,30,12,11
84,3,0,0,15,13
85,0,89,90,14,5
85,1,19,67,14,14
85,2,53,57,5,8
86,0,81,85,11,15
86,1,80,65,12,8
86,2,27,5,7,11
86,3,74,39,14,14
87,0,3,26,14,7
87,1,71,42,12,13
88,0,82,1,14,15
89,0,86,68,6,11
89,1,2,33,7,7
89,2,43,52,14,8
90,0,24,42,12,9
90,1,51,73,9,7
90,2,42,71,5,14
91,0,22,15,11,10
92,0,70,70,5,5
92,1,46,12,8,13
93,0,47,21,7,11
93,1,30,89,6,8
93,2,73,45,11,12
93,3,13,66,14,7
94,0,84,18,13,9
94,1,47,47,12,7
95,0,51,74,13,10
95,1,58,62,14,10
95,2,13,24,12,5
96,0,78,76,8,10
97,0,86,53,13,8
97,1,89,70,11,13
98,0,2,19,15,12
99,0,0,8,5,13
99,1,45,21,6,10
99,2,73,35,15,5
100,0,39,13,8,12
100,1,28,60,15,13
100,2,36,65,10,8
101,0,45,64,6,12
101,1,40,2,5,11
101,2,82,39,13,8
101,3,12,4,11,14
102,0,55,44,12,5
102,1,32,23,5,13
102,2,57,12,13,6
103,0,7,27,15,9
103,1,19,14,12,7
103,2,54,66,9,12
104,0,77,53,11,10
105,0,66,31,14,13
105,1,12,68,11,13
106,0,35,12,7,8
106,1,27,26,12,15
106,2,9,11,6,8
107,0,28,72,9,13
107,1,90,83,15,9
107,2,44,0,8,12
107,3,0,25,6,7
108,0,11,90,15,12
108,1,66,65,15,13
108,2,31,36,7,6
108,3,83,21,9,11
109,0,84,33,15,14
109,1,48,58,15,10
109,2,77,62,13,5
110,0,50,5,12,6
110,1,68,15,15,6
111,0,60,31,12,11
111,1,82,4,7,14
111,2,73,10,10,13
111,3,20,48,9,12
112,0,83,82,9,12
112,1,55,56,14,12
113,0,22,58,10,10
113,1,75,29,9,7
113,2,72,11,15,10
114,0,48,79,11,5
114,1,62,25,10,10
115,0,19,52,7,11
115,1,86,0,7,6
115,2,60,6,9,5
116,0,6,78,5,12
116,1,6,14,8,15
116,2,37,59,10,12
116,3,16,15,9,6
117,0,20,76,14,14
117,1,10,82,13,7
117,2,44,85,7,10
117,3,10,82,11,5
118,0,36,71,15,15
118,1,35,63,10,9
118,2,71,58,15,7
118,3,27,66,5,7
119,0,50,90,8,13
119,1,49,30,8,11
119,2,72,6,15,8
120,0,47,29,9,11
120,1,31,38,10,8
120,2,49,90,5,9
121,0,25,28,12,6
122,0,48,74,11,13
122,1,52,33,11,11
123,0,6,4,8,12
123,1,58,34,12,10
123,2,47,29,8,6
123,3,7,78,10,11
124,0,50,1,11,5
125,0,16,9,10,9
125,1,28,37,15,13
125,2,77,20,5,9
126,0,1,22,11,5
126,1,79,75,5,6
126,2,41,89,6,11
127,0,37,81,11,9
127,1,80,84,6,7
128,0,66,1,9,12
128,1,19,57,6,12
129,0,27,18,13,13
129,1,87,66,13,13
129,2,14,46,6,12
129,3,9,66,9,6
130,0,41,80,15,13
130,1,18,22,14,6
130,2,88,53,7,7
130,3,17,81,7,6
131,0,74,26,9,11
132,0,40,28,7,9
133,0,61,62,12,14
133,1,25,78,10,8
134,0,80,70,10,13
134,1,79,65,8,11
134,2,49,74,8,9
135,0,90,46,13,9
135,1,87,5,11,11
136,0,44,38,8,12
137,0,9,52,8,12
137,1,69,86,13,7
137,2,67,51,14,12
137,3,33,60,8,6
138,0,86,35,5,14
138,1,76,7,10,11
138,2,53,23,14,11
138,3,61,41,8,7
139,0,20,11,13,9
139,1,41,72,7,7
139,2,4,60,7,11
140,0,88,5,15,14
141,0,43,9,9,7
142,0,65,49,9,8
143,0,42,58,7,15
144,0,50,13,5,13
144,1,58,43,11,11
144,2,90,87,14,7
145,0,11,22,8,13
145,1,72,54,10,11
145,2,4,73,13,11
145,3,38,3,13,15
146,0,17,19,7,9
146,1,69,63,9,12
146,2,13,81,7,10
146,3,39,28,9,6
147,0,84,8,11,15
148,0,23,77,7,13
148,1,43,58,11,5
148,2,49,44,5,5
148,3,77,62,14,14
149,0,7,61,11,12
149,1,28,82,11,6
150,0,30,59,12,8
151,0,5,42,7,11
151,1,41,58,11,15
151,2,13,59,13,14
151,3,6,12,14,5
152,0,60,58,10,11
152,1,62,7,7,13
152,2,16,3,11,6
153,0,12,14,14,9
153,1,52,80,5,15
154,0,57,77,11,12
154,1,11,16,14,7
154,2,12,4,8,9
155,0,37,11,10,14
156,0,38,60,5,10
157,0,87,83,12,13
158,0,27,10,14,8
158,1,81,65,15,10
158,2,89,63,12,8
159,0,13,45,8,10
159,1,51,85,8,7
160,0,3,44,15,15
160,1,64,44,9,6
160,2,14,30,11,8
160,3,82,2,13,14
161,0,78,69,15,8
161,1,71,31,12,7
161,2,16,60,9,14
161,3,53,25,8,13
162,0,47,39,11,10
162,1,75,41,6,13
162,2,74,46,11,11
162,3,47,49,9,10
163,0,14,12,7,7
164,0,13,64,15,11
164,1,89,65,14,12
164,2,34,18,10,12
165,0,49,37,7,7
166,0,78,3,8,13
167,0,8,90,8,6
167,1,61,69,6,12
167,2,54,76,6,14
167,3,82,29,10,6
168,0,69,48,12,10
168,1,43,48,14,9
169,0,25,20,5,12
170,0,45,14,15,11
171,0,21,55,11,15
171,1,5,45,6,5
172,0,61,20,14,5
172,1,73,41,12,7
172,2,57,8,5,14
172,3,11,68,15,14
173,0,10,24,13,14
173,1,26,76,15,6
173,2,36,22,15,7
174,0,16,69,13,12
175,0,69,46,13,10
175,1,31,57,9,12
175,2,33,81,11,11
175,3,27,45,12,15
176,0,23,55,15,7
176,1,25,49,15,10
177,0,53,24,6,12
177,1,61,83,12,14
177,2,58,28,13,9
178,0,69,25,7,15
178,1,15,6,8,9
178,2,0,58,15,7
179,0,22,84,13,9
179,1,3,31,8,14
179,2,7,6,13,11
180,0,28,23,9,12
181,0,86,23,5,15
181,1,58,82,9,8
181,2,62,30,8,12
181,3,40,61,6,9
182,0,34,2,14,15
182,1,43,18,7,13
182,2,23,57,9,13
183,0,41,8,14,8
183,1,35,83,7,7
183,2,54,72,6,11
184,0,41,11,10,13
185,0,32,47,7,9
185,1,67,60,15,10
185,2,32,37,15,11
185,3,57,71,6,10
186,0,30,81,10,8
187,0,1,45,13,13
187,1,39,13,7,6
187,2,0,47,6,10
187,3,90,48,13,8
188,0,38,68,11,9
188,1,20,70,12,8
189,0,68,33,15,9
189,1,54,87,13,9
189,2,76,49,7,6
189,3,9,28,7,7
190,0,68,79,12,6
190,1,34,17,13,14
190,2,57,24,15,7
191,0,12,12,14,10
192,0,62,3,8,15
193,0,59,45,15,8
193,1,68,4,9,12
193,2,18,62,12,6
194,0,36,42,13,11
194,1,55,85,9,13
195,0,45,60,14,7
195,1,22,63,11,10
196,0,60,22,6,6
196,1,32,88,9,11
196,2,21,2,10,11
196,3,62,27,11,8
197,0,89,62,12,14
197,1,20,26,15,7
197,2,37,2,13,11
198,0,11,6,9,9
198,1,88,15,10,12
199,0,63,82,13,8
200,0,16,15,11,13
200,1,16,80,5,15
200,2,54,37,10,6
201,0,38,85,10,6
201,1,27,20,14,6
201,2,26,42,6,9
201,3,46,9,15,6
202,0,49,81,14,11
202,1,47,2,13,10
202,2,69,59,7,9
203,0,88,22,5,15
203,1,53,88,6,15
203,2,3,28,9,6
203,3,20,2,5,10
204,0,80,11,8,11
204,1,34,0,7,5
204,2,49,22,14,10
205,0,55,0,10,15
206,0,13,44,12,8
207,0,84,3,9,15
207,1,7,27,12,12
207,2,36,33,13,10
208,0,71,39,5,14
208,1,55,31,6,14
208,2,55,54,5,12
209,0,46,0,14,15
209,1,87,40,12,10
209,2,44,49,7,15
210,0,54,28,12,13
210,1,61,14,9,9
210,2,16,0,9,8
210,3,56,48,10,12
211,0,63,13,14,6
211,1,80,78,8,11
212,0,4,54,6,11
212,1,10,27,14,9
212,2,82,18,7,9
212,3,85,9,15,12
213,0,44,23,9,13
213,1,16,33,15,8
213,2,32,44,9,9
214,0,81,79,11,8
214,1,80,87,13,12
214,2,18,6,7,5
214,3,23,14,13,6
215,0,79,48,10,15
216,0,89,15,13,11
216,1,9,75,6,5
216,2,87,83,10,14
216,3,71,65,13,9
217,0,48,17,7,11
218,0,10,68,11,12
218,1,28,35,7,7
218,2,39,57,12,15
219,0,73,25,11,9
219,1,66,74,11,12
219,2,59,8,11,10
220,0,20,64,15,13
221,0,79,22,15,8
222,0,74,73,12,5
222,1,22,28,10,8
223,0,87,35,14,11
224,0,65,23,12,6
224,1,20,22,11,5
225,0,32,70,6,5
225,1,83,64,14,5
225,2,77,66,14,11
225,3,49,51,9,8
226,0,40,83,6,15
226,1,76,27,12,11
226,2,28,7,10,14
227,0,44,55,10,10
227,1,22,20,13,9
227,2,51,10,5,11
228,0,38,66,13,13
229,0,55,24,11,7
229,1,0,55,13,10
229,2,85,80,6,9
229,3,67,12,13,11
230,0,74,5,12,15
230,1,3,43,9,7
230,2,70,69,13,5
231,0,63,62,11,8
231,1,31,63,14,12
231,2,7,24,15,15
231,3,4,6,8,10
232,0,49,31,8,5
232,1,53,32,5,11
233,0,29,53,5,9
234,0,34,2,12,13
234,1,39,41,14,5
234,2,47,65,6,5
234,3,89,3,14,10
235,0,29,39,15,8
235,1,61,9,9,14
236,0,71,34,9,7
236,1,54,66,15,12
236,2,63,70,12,8
236,3,3,63,14,7
237,0,7,0,10,8
237,1,20,8,14,9
237,2,84,68,7,12
238,0,68,22,9,6
238,1,43,54,13,9
238,2,74,37,14,6
238,3,34,85,5,8
239,0,22,81,14,13
239,1,79,88,9,6
239,2,34,7,15,5
240,0,64,14,11,9
240,1,59,32,13,12
240,2,15,24,12,9
240,3,19,84,13,10
241,0,9,70,14,10
241,1,38,17,12,6
241,2,34,46,14,13
241,3,65,42,8,13
242,0,24,79,10,6
243,0,1,89,10,7
243,1,69,29,6,7
243,2,75,30,14,9
243,3,45,21,15,9
244,0,39,44,6,15
244,1,19,45,7,6
244,2,76,51,7,12
244,3,71,85,11,9
245,0,3,51,6,15
245,1,2,36,11,14
245,2,24,59,6,9
245,3,86,44,12,10
246,0,85,57,10,7
246,1,36,24,8,8
246,2,6,44,7,11
247,0,47,76,15,12
247,1,8,17,14,15
248,0,11,70,13,12
248,1,40,60,14,12
249,0,12,18,7,13
249,1,74,37,9,12
249,2,21,35,11,9
250,0,43,7,7,15
251,0,20,60,15,11
251,1,14,1,13,7
251,2,53,8,14,5
252,0,27,19,5,15
253,0,41,52,10,13
254,0,50,61,9,12
254,1,76,3,14,9
255,0,33,41,7,8
255,1,48,86,13,14
255,2,16,85,8,8
256,0,50,8,12,9
256,1,81,77,7,6
256,2,55,45,5,11
256,3,42,17,12,12
257,0,68,2,15,11
257,1,44,5,5,12
257,2,85,47,14,15
257,3,17,80,5,10
258,0,19,82,5,15
258,1,89,40,8,5
258,2,19,65,10,12
258,3,37,68,15,11
259,0,46,25,9,6
259,1,12,5,5,5
259,2,69,65,14,11
259,3,65,10,11,5
260,0,44,36,12,11
261,0,54,36,10,5
261,1,43,33,9,13
261,2,54,14,10,10
262,0,70,16,11,6
263,0,77,83,12,7
264,0,77,24,7,11
265,0,8,78,10,7
265,1,54,67,8,13
266,0,89,34,10,14
266,1,62,79,5,7
267,0,3,80,15,5
267,1,43,82,7,10
267,2,16,63,13,12
268,0,23,69,14,11
268,1,39,38,7,14
268,2,64,43,14,15
268,3,54,49,9,11
269,0,53,40,9,15
269,1,88,23,6,15
269,2,39,1,5,10
270,0,52,15,11,8
270,1,23,13,14,9
270,2,69,69,8,13
270,3,79,6,5,12
271,0,16,72,14,14
271,1,31,84,5,6
271,2,34,67,9,10
272,0,61,86,14,9
272,1,13,78,10,10
272,2,39,78,13,5
273,0,74,36,6,6
273,1,25,35,10,10
273,2,39,55,11,8
274,0,18,8,11,8
275,0,51,76,6,11
275,1,86,21,8,14
276,0,43,28,13,10
276,1,2,40,7,5
277,0,17,75,6,10
278,0,10,56,8,11
278,1,44,85,10,11
278,2,18,29,7,8
278,3,59,54,7,5
279,0,28,20,10,7
279,1,52,69,10,5
279,2,23,20,14,12
279,3,81,44,10,10
280,0,73,73,12,6
281,0,0,10,8,5
281,1,13,17,9,5
282,0,74,0,15,5
282,1,86,56,9,10
283,0,14,81,7,15
283,1,84,14,10,8
283,2,21,51,5,10
283,3,38,73,7,12
284,0,34,37,12,7
284,1,12,90,13,7
284,2,60,54,11,15
285,0,30,7,12,7
285,1,29,86,7,14
285,2,42,17,9,12
286,0,1,42,10,12
286,1,66,4,15,15
287,0,20,60,8,9
287,1,62,0,12,11
287,2,30,49,7,8
288,0,67,44,14,15
288,1,23,65,6,5
288,2,79,71,11,12
289,0,57,74,9,14
289,1,15,73,11,6
289,2,76,85,7,9
289,3,67,41,8,11
290,0,30,59,5,13
291,0,63,19,13,14
291,1,2,82,12,5
291,2,10,26,5,12
291,3,90,48,13,14
292,0,38,18,7,14
292,1,72,27,14,7
292,2,14,28,8,12
293,0,33,24,12,6
293,1,32,89,13,5
293,2,67,82,7,11
293,3,33,49,13,8
294,0,65,0,14,13
295,0,40,65,8,13
296,0,87,6,5,9
297,0,40,12,9,13
297,1,65,88,10,11
298,0,40,60,14,9
298,1,33,54,9,15
298,2,1,71,14,11
299,0,66,32,15,11
299,1,11,86,13,7
299,2,67,35,9,13
300,0,85,84,6,9
300,1,73,55,11,8
301,0,11,41,11,13
301,1,10,81,14,14
301,2,21,58,14,12
302,0,34,7,14,9
302,1,53,85,12,15
303,0,73,49,14,9
303,1,43,52,11,10
303,2,76,80,8,5
304,0,87,86,10,6
305,0,6,77,8,13
306,0,42,12,9,10
306,1,2,17,10,7
306,2,63,10,8,6
306,3,28,58,11,5
307,0,5,42,8,10
307,1,69,34,10,11
307,2,80,46,14,8
308,0,17,82,13,15
308,1,45,46,10,8
309,0,45,32,13,15
310,0,87,34,5,13
310,1,2,27,15,15
310,2,2,1,13,15
310,3,26,82,15,9
311,0,2,31,6,7
311,1,41,68,10,11
311,2,4,74,7,15
312,0,84,81,13,6
312,1,4,61,15,5
312,2,50,52,8,7
313,0,85,85,15,13
313,1,81,81,12,6
313,2,12,88,5,6
313,3,65,47,12,6
314,0,82,21,5,12
314,1,87,55,11,9
314,2,82,80,13,8
315,0,28,66,9,5
315,1,6,50,9,12
315,2,67,27,6,15
315,3,51,27,6,11
316,0,6,59,15,7
316,1,39,8,6,6
316,2,45,77,14,15
316,3,20,68,11,14
317,0,56,78,8,10
317,1,55,28,11,12
317,2,63,11,12,14
317,3,70,23,6,9
318,0,84,87,15,8
318,1,56,82,8,8
318,2,4,85,5,8
318,3,58,62,13,5
319,0,78,85,14,8
320,0,78,6,6,7
320,1,78,57,9,14
320,2,30,14,11,7
321,0,65,21,10,7
322,0,75,48,8,6
322,1,76,28,11,11
322,2,73,46,13,8
322,3,19,53,9,8
323,0,27,82,5,15
323,1,73,3,6,5
323,2,17,59,12,7
323,3,57,30,5,8
324,0,48,13,13,14
325,0,22,55,8,11
325,1,86,79,15,7
325,2,79,24,13,10
326,0,15,56,7,5
326,1,40,16,10,14
326,2,4,63,14,15
327,0,3,56,7,11
327,1,33,49,5,7
328,0,55,21,15,9
328,1,20,38,6,6
328,2,11,11,7,6
329,0,67,68,12,15
329,1,12,32,5,10
329,2,48,88,10,8
330,0,71,77,10,6
330,1,21,73,14,13
331,0,40,23,10,9
331,1,68,71,5,7
331,2,58,78,15,15
332,0,52,57,10,8
333,0,57,6,7,8
334,0,74,85,9,7
335,0,78,26,8,15
335,1,25,62,13,7
335,2,67,2,5,5
335,3,11,15,7,5
336,0,59,57,15,9
337,0,85,31,11,9
337,1,22,27,10,15
337,2,36,29,6,7
337,3,9,41,12,12
338,0,4,3,15,11
338,1,73,29,7,8
339,0,37,5,5,13
339,1,42,25,13,14
339,2,38,41,10,15
339,3,57,46,10,15
340,0,51,81,6,6
340,1,83,31,10,12
341,0,70,0,10,13
341,1,27,6,10,6
342,0,70,52,8,5
342,1,3,9,6,8
342,2,45,76,5,6
343,0,57,76,15,12
343,1,21,14,10,9
343,2,13,89,15,5
344,0,67,37,11,12
345,0,22,41,8,12
345,1,65,90,6,10
345,2,49,25,14,5
345,3,17,42,14,11
346,0,52,85,6,5
346,1,66,39,5,6
346,2,18,43,15,14
346,3,44,21,10,13
347,0,17,74,15,11
347,1,28,39,10,10
347,2,87,88,6,8
347,3,70,35,10,10
348,0,33,6,12,13
349,0,14,9,15,11
349,1,76,30,14,5
349,2,60,60,6,7
350,0,74,84,7,6
350,1,40,48,10,9
350,2,49,62,15,15
351,0,2,31,13,10
351,1,74,84,10,7
352,0,63,27,9,11
352,1,42,33,9,11
353,0,17,19,6,6
353,1,28,12,7,5
353,2,52,44,14,12
354,0,41,68,8,13
354,1,88,50,9,12
354,2,42,54,14,15
354,3,79,74,11,6
355,0,50,27,12,6
355,1,32,71,6,15
356,0,57,78,15,12
357,0,85,54,6,14
358,0,56,54,11,5
358,1,66,36,7,14
359,0,52,25,8,13
359,1,57,7,6,11
359,2,28,34,7,14
359,3,17,25,13,10
360,0,17,25,13,14
360,1,7,62,6,5
360,2,49,60,5,14
360,3,89,36,14,9
361,0,53,37,14,11
362,0,38,50,7,6
362,1,48,12,14,13
362,2,17,18,8,7
362,3,61,47,14,12
363,0,39,85,12,9
363,1,53,75,13,6
363,2,75,77,13,13
363,3,15,71,7,15
364,0,86,24,5,9
364,1,43,79,6,13
365,0,90,1,6,7
365,1,54,43,8,13
365,2,14,22,7,5
366,0,4,1,6,12
366,1,89,32,7,11
366,2,46,78,10,7
366,3,60,71,14,12
367,0,34,26,14,12
367,1,13,19,7,12
368,0,90,32,7,6
369,0,45,75,11,13
369,1,42,47,12,12
370,0,81,88,7,6
370,1,32,32,8,14
370,2,17,78,6,6
371,0,76,75,8,8
371,1,11,46,12,7
371,2,9,64,11,15
371,3,17,87,6,15
372,0,46,76,15,7
372,1,37,67,13,11
372,2,47,23,5,12
373,0,58,60,10,15
373,1,50,9,5,11
373,2,72,14,14,10
374,0,19,40,8,15
374,1,46,62,14,7
374,2,68,54,15,9
374,3,15,0,9,11
375,0,40,43,15,5
376,0,41,60,14,11
376,1,6,44,15,14
376,2,29,53,15,10
377,0,30,56,7,7
378,0,89,20,15,12
378,1,43,27,11,5
378,2,89,24,15,8
379,0,6,75,9,13
379,1,87,79,7,15
379,2,19,29,14,8
379,3,65,34,7,6
380,0,20,74,11,7
381,0,15,53,8,13
381,1,14,40,10,10
382,0,76,61,7,12
382,1,63,49,5,6
382,2,52,59,5,8
382,3,55,17,5,8
383,0,19,23,5,11
384,0,76,75,9,13
384,1,23,55,10,5
384,2,34,90,8,10
385,0,64,51,13,11
385,1,87,53,6,8
385,2,84,27,9,6
386,0,44,24,11,11
387,0,76,86,5,12
388,0,76,84,5,9
389,0,52,68,14,13
389,1,6,10,8,10
389,2,65,78,12,11
390,0,16,87,9,6
390,1,18,86,6,11
390,2,8,9,5,7
391,0,36,0,9,8
391,1,53,19,10,15
392,0,7,68,6,8
392,1,24,10,11,15
393,0,38,26,6,8
393,1,16,53,14,9
394,0,58,88,11,8
394,1,22,40,9,12
394,2,61,64,7,14
394,3,45,28,8,13
395,0,77,13,8,13
395,1,2,29,10,10
395,2,3,64,10,5
395,3,48,34,8,8
396,0,5,66,11,15
396,1,37,6,10,12
396,2,73,79,15,13
397,0,68,40,12,13
398,0,48,46,14,7
398,1,57,4,11,15
398,2,14,30,11,14
398,3,1,67,15,14
399,0,85,20,12,14
400,0,56,0,8,15
400,1,7,42,6,6
400,2,5,33,14,9
401,0,8,9,6,11
401,1,37,60,11,10
401,2,33,23,15,10
401,3,0,40,14,5
402,0,20,7,6,6
403,0,70,42,10,10
403,1,63,50,12,6
403,2,22,8,7,10
404,0,51,58,11,13
404,1,21,25,14,11
404,2,39,76,12,10
404,3,76,29,15,15
405,0,37,20,11,5
405,1,47,73,15,6
405,2,63,16,13,5
405,3,16,24,10,8
406,0,22,12,14,5
406,1,43,10,15,13
406,2,14,8,11,6
406,3,40,1,15,8
407,0,24,12,13,10
407,1,48,1,5,5
407,2,2,87,7,9
408,0,18,50,8,5
408,1,47,24,12,8
409,0,64,23,12,7
409,1,64,59,6,12
410,0,42,62,15,14
410,1,84,4,11,7
410,2,82,37,15,7
410,3,14,70,9,6
411,0,40,5,15,14
412,0,84,0,6,13
412,1,19,31,7,8
412,2,81,65,10,8
413,0,30,78,10,11
413,1,36,51,14,8
413,2,71,50,10,8
414,0,55,27,10,12
414,1,62,84,10,6
414,2,28,82,5,14
415,0,39,44,7,8
415,1,64,90,10,10
416,0,40,18,9,15
417,0,75,9,8,7
417,1,61,12,11,7
418,0,25,8,11,9
419,0,87,28,7,12
419,1,54,7,5,10
419,2,10,8,11,12
419,3,24,10,13,5
420,0,81,50,9,10
420,1,1,88,7,11
421,0,14,46,11,12
421,1,27,83,14,12
421,2,44,53,5,5
422,0,2,56,12,13
422,1,24,69,15,8
422,2,76,15,5,7
422,3,1,17,8,10
423,0,1,22,11,9
423,1,61,60,10,9
423,2,32,48,6,10
423,3,66,89,5,7
424,0,83,36,10,8
424,1,29,48,7,8
424,2,16,57,15,5
424,3,39,65,7,11
425,0,0,81,9,11
426,0,75,0,9,11
426,1,47,4,7,12
426,2,9,11,13,7
426,3,27,63,12,5
427,0,41,83,10,7
427,1,61,73,14,10
428,0,11,62,15,6
429,0,57,87,9,10
429,1,46,89,9,12
429,2,42,32,8,10
430,0,32,82,14,8
430,1,33,51,15,10
431,0,19,3,8,15
432,0,41,76,14,10
432,1,79,80,6,9
433,0,28,46,11,9
433,1,28,22,6,10
433,2,63,51,14,6
433,3,5,23,8,8
434,0,13,44,14,9
435,0,51,72,6,13
435,1,50,84,10,8
435,2,6,41,9,6
435,3,15,89,7,5
436,0,69,50,12,5
436,1,73,52,13,11
436,2,11,42,13,5
437,0,16,47,15,6
437,1,28,79,6,15
437,2,23,71,14,13
437,3,59,48,13,8
438,0,25,40,8,13
438,1,16,90,8,10
438,2,12,9,12,5
438,3,44,75,15,8
439,0,38,88,10,15
439,1,67,77,14,15
440,0,90,19,9,14
440,1,81,14,6,10
440,2,52,75,11,12
440,3,25,40,14,10
441,0,87,76,8,15
441,1,81,70,11,7
441,2,42,12,8,14
441,3,57,60,12,9
442,0,73,22,9,11
442,1,54,66,11,6
442,2,79,50,14,15
443,0,62,73,5,14
443,1,81,45,11,11
443,2,60,64,8,6
443,3,87,32,11,14
444,0,65,51,12,7
445,0,3,31,7,13
445,1,18,90,12,8
445,2,23,79,8,6
445,3,90,87,6,8
446,0,65,15,15,10
447,0,29,17,11,14
447,1,44,57,7,13
448,0,42,62,7,13
448,1,46,73,15,9
448,2,85,9,6,6
449,0,89,34,13,7
449,1,85,17,8,11
449,2,45,31,8,11
449,3,60,40,6,12
450,0,31,29,12,10
450,1,9,27,11,10
451,0,37,29,13,6
451,1,69,18,10,7
451,2,16,38,11,6
452,0,88,31,11,10
453,0,89,64,6,14
453,1,84,3,7,12
454,0,20,74,14,6
454,1,71,12,13,6
454,2,2,63,5,5
454,3,38,37,6,14
455,0,13,28,13,8
455,1,38,26,11,9
455,2,15,72,10,9
455,3,50,71,6,6
456,0,18,65,14,12
456,1,52,67,10,5
456,2,14,17,11,13
457,0,88,16,15,12
458,0,5,18,7,8
458,1,63,20,12,9
459,0,79,75,13,7
459,1,12,63,9,9
459,2,16,15,11,15
460,0,35,75,6,10
460,1,34,12,10,14
460,2,9,67,5,12
461,0,12,6,5,13
461,1,63,63,5,15
461,2,76,51,9,15
461,3,21,38,7,8
462,0,54,50,9,9
462,1,47,29,12,9
462,2,56,69,15,11
463,0,31,67,8,14
463,1,56,88,14,8
464,0,46,3,12,11
464,1,84,42,14,13
465,0,49,26,12,12
465,1,86,70,14,6
465,2,73,35,8,13
466,0,45,24,9,12
466,1,39,45,8,6
466,2,18,62,15,5
467,0,45,39,13,14
468,0,61,55,13,12
468,1,13,72,13,8
469,0,68,84,13,10
470,0,20,51,15,8
470,1,43,73,12,15
470,2,89,75,6,12
470,3,62,60,8,5
471,0,40,57,8,13
471,1,72,44,9,12
472,0,22,76,11,5
473,0,56,49,7,5
474,0,24,22,11,15
474,1,87,39,12,12
474,2,73,85,14,9
474,3,37,85,13,10
475,0,37,25,9,15
475,1,52,25,8,15
475,2,68,38,7,15
475,3,23,6,12,7
476,0,38,22,5,8
476,1,79,13,14,9
477,0,72,73,14,14
477,1,44,65,9,11
477,2,64,59,10,11
478,0,53,1,7,12
478,1,31,38,13,12
479,0,39,4,10,15
480,0,49,71,8,6
481,0,75,22,13,9
482,0,25,26,14,9
482,1,48,86,9,6
482,2,18,30,6,14
482,3,27,34,14,5
483,0,67,31,15,12
483,1,61,19,8,15
484,0,83,74,11,13
484,1,82,50,14,6
485,0,49,4,8,9
486,0,63,20,8,11
486,1,28,52,5,8
486,2,85,0,5,5
487,0,9,23,5,11
487,1,7,63,14,5
488,0,44,79,7,8
489,0,36,43,15,12
489,1,85,68,15,10
490,0,62,12,12,7
490,1,69,27,8,11
490,2,5,13,7,13
490,3,88,80,13,11
491,0,18,12,5,6
491,1,86,80,9,9
491,2,82,72,5,12
492,0,71,34,14,14
492,1,19,74,5,6
492,2,71,77,14,11
493,0,20,50,15,7
493,1,49,44,11,8
494,0,12,7,13,13
494,1,10,87,11,15
494,2,11,56,10,9
495,0,76,80,13,11
495,1,65,18,8,13
496,0,44,35,15,5
496,1,83,0,8,8
497,0,58,46,13,13
497,1,52,33,12,11
497,2,4,16,15,14
498,0,38,72,13,14
498,1,28,42,5,5
498,2,69,69,9,8
499,0,21,89,15,15
499,1,68,80,9,8
499,2,41,41,15,13
500,0,37,8,9,10
500,1,30,13,6,8
500,2,36,24,8,7
500,3,35,44,14,10
501,0,26,56,11,9
501,1,9,38,7,12
502,0,78,35,6,11
502,1,10,12,14,10
502,2,81,46,15,14
502,3,83,43,11,8
503,0,71,44,6,12
503,1,49,45,11,7
503,2,2,46,7,6
503,3,33,41,13,14
504,0,14,2,14,14
504,1,63,1,15,11
504,2,49,59,9,9
505,0,41,52,5,8
506,0,20,73,11,9
506,1,67,87,12,12
506,2,72,9,6,12
506,3,35,49,14,7
507,0,55,14,5,5
507,1,20,64,13,6
508,0,88,25,10,9
509,0,52,59,13,12
509,1,88,10,6,13
509,2,57,11,15,15
509,3,45,55,13,9
510,0,68,3,11,5
511,0,71,33,15,14
511,1,75,59,13,5
512,0,24,40,12,12
512,1,24,73,11,14
513,0,30,65,9,8
513,1,31,58,8,11
514,0,2,44,12,12
515,0,71,75,9,11
516,0,24,80,15,14
516,1,20,54,6,14
516,2,89,76,14,8
517,0,28,80,12,6
517,1,81,6,10,5
517,2,68,17,5,8
517,3,19,76,11,13
518,0,48,73,15,8
518,1,19,50,10,15
518,2,60,8,5,10
519,0,75,5,6,11
520,0,67,32,10,11
520,1,78,65,10,9
521,0,64,57,10,9
522,0,69,43,11,9
522,1,26,9,6,12
522,2,50,29,7,7
523,0,72,63,10,9
523,1,86,68,13,7
523,2,23,9,12,6
523,3,33,65,15,15
524,0,83,34,6,13
524,1,2,5,7,12
524,2,89,23,14,7
524,3,59,49,9,14
525,0,86,79,12,15
525,1,30,63,9,11
525,2,19,56,11,10
525,3,40,27,9,12
526,0,70,24,11,7
526,1,3,87,14,6
527,0,80,31,7,9
527,1,61,47,11,15
528,0,87,74,5,10
528,1,19,83,6,11
528,2,16,65,6,6
528,3,70,40,9,14
529,0,60,39,7,12
529,1,62,4,15,8
529,2,82,2,5,14
530,0,69,69,14,8
530,1,22,11,15,7
531,0,0,63,15,13
531,1,69,57,11,15
532,0,70,18,12,11
532,1,36,74,6,12
532,2,75,67,12,7
533,0,35,28,9,12
533,1,34,0,14,6
533,2,53,50,5,6
533,3,46,17,15,14
534,0,14,46,7,6
534,1,71,26,10,15
535,0,88,90,11,6
535,1,39,30,11,13
535,2,44,37,11,13
536,0,64,30,15,12
536,1,48,30,13,14
536,2,31,63,9,10
536,3,41,75,7,5
537,0,31,74,14,7
537,1,73,76,13,11
537,2,71,89,9,6
538,0,35,9,8,5
539,0,7,7,12,6
539,1,75,32,11,12
539,2,55,49,5,12
540,0,89,61,10,12
540,1,13,68,15,9
541,0,47,83,11,11
541,1,83,60,8,5
541,2,16,11,9,10
542,0,51,48,13,7
542,1,64,36,11,8
543,0,84,40,13,6
543,1,90,87,14,7
544,0,42,71,8,10
544,1,83,13,12,8
544,2,70,31,13,6
544,3,4,69,5,12
545,0,43,45,9,6
546,0,19,37,6,10
546,1,38,32,14,5
547,0,81,35,12,8
547,1,64,32,5,6
548,0,62,70,9,12
549,0,29,64,12,12
550,0,61,68,11,6
551,0,78,63,7,8
551,1,27,14,6,13
551,2,73,75,8,8
552,0,10,60,13,8
552,1,68,14,10,10
552,2,17,50,13,10
552,3,85,0,10,11
553,0,10,25,8,14
553,1,6,73,13,11
553,2,39,24,11,6
553,3,45,14,11,10
554,0,10,58,11,5
554,1,74,12,15,15
555,0,67,51,9,11
556,0,19,70,5,5
556,1,85,85,9,12
556,2,69,30,12,11
556,3,90,6,8,9
557,0,42,54,15,12
558,0,52,18,12,13
558,1,24,71,8,10
558,2,40,85,12,11
559,0,5,50,11,9
560,0,52,45,7,11
561,0,3,6,6,10
561,1,82,39,7,13
562,0,51,82,9,11
562,1,37,41,13,14
563,0,20,51,12,11
563,1,86,83,7,8
563,2,44,43,12,7
564,0,78,7,10,7
564,1,51,71,11,15
564,2,39,78,15,13
565,0,36,58,15,8
565,1,4,50,12,12
566,0,62,9,7,10
566,1,83,71,12,14
566,2,75,72,8,6
566,3,78,10,9,7
567,0,60,15,7,14
567,1,64,31,6,10
567,2,22,88,7,9
568,0,74,51,5,5
568,1,63,83,11,6
569,0,90,42,15,6
570,0,5,63,12,7
570,1,30,85,11,12
571,0,27,8,12,12
571,1,30,82,8,15
571,2,65,47,7,10
572,0,18,57,13,5
572,1,21,49,11,10
572,2,2,36,9,15
573,0,77,28,14,7
573,1,4,32,10,11
574,0,38,40,9,12
574,1,76,45,13,9
574,2,89,25,9,9
574,3,18,52,7,5
575,0,57,24,13,15
575,1,23,63,6,8
575,2,86,49,10,9
575,3,76,78,10,14
576,0,35,1,6,8
576,1,39,78,12,7
576,2,56,61,8,11
577,0,62,40,5,12
577,1,68,79,5,11
577,2,33,10,5,6
578,0,77,9,8,9
579,0,76,12,12,14
579,1,30,67,8,12
580,0,21,22,10,6
580,1,56,6,5,12
581,0,47,40,5,6
581,1,3,60,13,15
581,2,18,26,13,5
582,0,4,47,7,11
582,1,70,38,5,15
582,2,43,79,5,12
582,3,30,23,8,7
583,0,17,3,9,8
583,1,61,77,9,13
584,0,75,43,9,5
584,1,82,52,7,13
584,2,24,6,8,8
585,0,35,63,15,14
585,1,21,70,6,7
585,2,44,15,8,6
585,3,86,37,11,8
586,0,78,89,14,9
586,1,10,8,5,6
587,0,29,35,15,9
587,1,18,41,9,14
588,0,76,79,13,8
588,1,11,60,6,14
588,2,7,71,11,9
588,3,13,43,8,6
589,0,9,80,7,8
589,1,75,65,14,10
589,2,60,48,7,6
589,3,56,3,14,12
590,0,78,49,5,14
590,1,78,27,6,15
590,2,8,54,12,12
590,3,3,61,6,12
591,0,42,65,15,11
591,1,86,10,6,13
591,2,60,0,6,7
591,3,39,37,7,11
592,0,5,68,5,12
592,1,7,50,15,9
593,0,83,28,9,6
594,0,19,73,6,13
595,0,43,78,5,13
596,0,34,72,6,15
596,1,21,0,14,7
597,0,60,76,13,12
598,0,26,90,14,13
598,1,45,57,13,9
598,2,11,64,7,6
598,3,33,49,11,9
599,0,67,50,10,14
600,0,44,50,8,11
600,1,51,0,8,13
600,2,37,47,11,7
601,0,77,53,6,8
601,1,10,45,12,13
601,2,18,38,10,13
602,0,60,42,15,11
602,1,62,78,9,15
602,2,62,0,13,8
603,0,14,7,10,9
603,1,36,9,12,8
603,2,14,88,8,13
604,0,50,73,8,8
604,1,17,8,13,11
604,2,65,26,13,10
605,0,45,38,15,15
605,1,46,5,5,9
606,0,60,57,5,13
606,1,78,85,11,11
606,2,69,31,13,7
607,0,20,53,15,5
607,1,71,79,8,14
607,2,75,21,14,7
608,0,77,32,11,6
609,0,5,49,11,14
609,1,5,87,5,8
609,2,25,68,5,8
609,3,60,77,11,7
610,0,70,4,7,10
610,1,68,43,15,9
610,2,80,61,11,11
610,3,56,20,9,5
611,0,89,56,7,14
612,0,19,65,11,15
613,0,26,55,13,6
614,0,79,39,15,13
615,0,3,27,7,8
616,0,71,61,10,15
617,0,28,61,9,5
618,0,5,38,13,8
619,0,33,47,8,13
620,0,41,41,15,10
620,1,83,82,15,12
621,0,88,80,12,12
621,1,51,82,6,10
621,2,75,36,10,5
621,3,74,29,13,13
622,0,33,10,10,9
622,1,73,65,14,6
623,0,65,25,7,7
623,1,84,44,14,14
623,2,88,35,8,14
624,0,30,75,15,10
624,1,8,65,5,8
625,0,54,44,15,13
625,1,61,49,12,5
625,2,35,84,13,5
625,3,72,49,9,8
626,0,77,88,12,15
626,1,61,89,10,12
626,2,27,5,9,8
626,3,7,89,12,15
627,0,72,68,10,5
627,1,9,49,14,7
627,2,41,23,13,11
628,0,34,89,12,8
628,1,87,75,13,13
629,0,48,3,13,10
629,1,47,41,7,14
629,2,73,12,14,8
629,3,87,74,7,8
630,0,81,17,6,13
630,1,76,35,15,8
631,0,57,23,6,12
631,1,71,35,10,14
631,2,39,7,8,14
631,3,60,89,5,8
632,0,18,49,10,15
632,1,49,9,9,10
632,2,70,62,13,11
633,0,6,33,14,5
633,1,18,0,10,9
634,0,22,62,11,12
634,1,63,16,15,13
634,2,21,85,6,14
634,3,86,17,5,14
635,0,39,32,8,13
636,0,77,73,14,14
636,1,83,77,15,10
637,0,26,18,7,10
637,1,38,1,11,14
637,2,0,55,5,9
637,3,5,75,8,11
638,0,66,76,15,12
639,0,66,82,9,12
639,1,40,10,7,14
639,2,62,62,10,15
639,3,90,56,11,11
640,0,73,73,11,5
640,1,69,81,13,13
641,0,44,39,11,5
642,0,86,10,15,14
642,1,45,8,9,12
643,0,59,23,12,9
643,1,50,26,15,8
643,2,69,54,14,12
643,3,58,81,9,14
644,0,53,44,15,13
644,1,6,11,13,15
644,2,24,36,12,12
644,3,83,29,5,11
645,0,23,8,6,12
645,1,8,10,5,10
645,2,64,15,8,11
645,3,30,34,11,6
646,0,77,55,5,9
646,1,60,81,11,10
646,2,44,9,14,12
647,0,62,76,15,13
648,0,48,32,13,6
648,1,44,1,9,12
648,2,82,54,12,10
648,3,45,76,14,14
649,0,36,29,6,10
649,1,13,64,11,9
649,2,75,58,8,9
649,3,23,66,13,9
650,0,31,90,12,6
650,1,32,40,14,10
650,2,27,59,8,12
651,0,10,64,8,10
651,1,56,53,15,8
651,2,46,7,14,10
652,0,42,63,14,8
652,1,51,54,15,13
652,2,11,0,11,5
653,0,21,27,14,5
654,0,61,34,12,11
654,1,16,6,5,15
654,2,32,11,11,15
655,0,21,88,14,8
655,1,39,3,12,11
655,2,8,9,9,15
655,3,28,82,7,5
656,0,60,6,9,7
657,0,81,90,15,14
657,1,41,34,10,7
657,2,72,1,9,10
658,0,88,36,9,8
658,1,75,86,9,6
658,2,24,54,7,7
659,0,40,58,8,10
659,1,5,22,7,14
659,2,31,84,8,6
659,3,9,36,14,15
660,0,13,10,15,6
660,1,54,21,15,9
660,2,43,66,5,12
660,3,76,45,11,11
661,0,13,82,15,5
661,1,43,87,13,6
662,0,32,80,14,11
662,1,73,63,10,12
663,0,47,39,12,15
663,1,62,53,11,5
664,0,29,67,9,11
664,1,39,24,12,8
664,2,8,64,13,9
664,3,28,74,10,5
665,0,14,45,13,7
665,1,25,54,8,9
665,2,22,86,7,5
666,0,57,45,11,11
666,1,57,5,11,8
666,2,11,79,10,12
666,3,71,90,15,14
667,0,10,3,10,15
667,1,15,64,10,11
668,0,79,26,8,8
668,1,12,86,14,15
669,0,24,36,12,6
669,1,2,4,9,14
670,0,30,66,6,7
670,1,43,55,11,10
671,0,72,66,14,9
672,0,88,7,5,11
672,1,43,2,11,14
673,0,36,15,5,8
673,1,73,26,8,12
674,0,84,54,6,15
674,1,30,57,9,13
674,2,9,50,8,9
674,3,71,74,9,9
675,0,38,21,8,6
675,1,71,32,5,5
676,0,46,67,6,10
677,0,17,83,7,14
677,1,80,36,5,11
677,2,6,39,8,5
678,0,56,73,12,7
678,1,30,39,14,10
678,2,75,3,6,12
678,3,13,5,15,15
679,0,33,45,11,10
679,1,47,61,8,8
680,0,41,43,9,13
680,1,66,42,13,15
680,2,22,50,14,8
680,3,73,67,13,15
681,0,33,81,14,13
681,1,55,57,11,10
681,2,30,42,11,7
681,3,8,37,14,15
682,0,70,83,13,12
682,1,22,10,11,6
682,2,36,64,12,11
683,0,15,39,14,7
683,1,36,12,11,11
683,2,38,8,13,6
683,3,8,24,5,10
684,0,34,9,15,12
684,1,62,84,11,11
684,2,90,15,11,7
685,0,21,40,14,8
686,0,67,32,15,7
686,1,25,2,10,8
687,0,65,72,6,8
687,1,42,34,5,12
687,2,59,88,8,7
687,3,80,48,8,9
688,0,30,8,8,9
688,1,87,56,10,14
689,0,61,37,8,14
689,1,40,8,10,10
690,0,90,53,14,6
690,1,26,31,12,13
691,0,82,23,5,8
691,1,50,90,6,11
691,2,25,73,12,6
691,3,70,9,8,6
692,0,71,44,11,6
692,1,62,75,13,14
692,2,13,61,12,9
693,0,68,3,7,12
693,1,52,81,12,9
693,2,63,43,15,6
694,0,5,48,15,6
694,1,90,86,14,15
694,2,31,52,15,12
695,0,36,36,11,14
695,1,39,74,10,7
695,2,86,50,9,15
695,3,10,67,5,15
696,0,18,70,10,5
697,0,35,6,12,5
698,0,42,15,15,7
698,1,85,55,7,7
698,2,80,68,12,6
699,0,51,14,11,15
700,0,63,1,14,13
700,1,37,75,5,14
700,2,90,87,12,13
701,0,10,27,15,10
702,0,16,18,8,7
703,0,69,37,6,14
704,0,90,11,6,14
704,1,53,11,10,9
704,2,12,66,6,15
705,0,30,41,6,9
705,1,67,28,9,15
705,2,75,5,14,8
705,3,81,77,14,15
706,0,19,89,10,15
706,1,74,14,14,12
707,0,10,84,15,8
707,1,90,89,14,6
708,0,33,38,14,8
708,1,2,30,12,7
708,2,27,68,12,8
708,3,83,58,8,15
709,0,5,65,15,8
709,1,11,36,10,6
709,2,57,85,8,12
710,0,68,2,10,6
710,1,90,43,12,8
710,2,21,53,13,14
711,0,6,6,14,14
711,1,63,62,11,14
711,2,38,74,5,13
711,3,31,19,14,14
712,0,5,73,6,10
712,1,35,67,11,10
713,0,70,6,15,14
713,1,40,40,6,14
713,2,89,57,5,10
713,3,28,57,9,12
714,0,81,22,10,8
714,1,89,36,15,6
714,2,35,9,8,13
715,0,51,12,14,6
715,1,49,20,5,9
715,2,84,76,6,12
715,3,67,75,9,14
716,0,74,22,12,11
716,1,79,33,6,9
716,2,47,52,15,8
717,0,22,76,12,12
717,1,17,40,13,9
717,2,5,76,13,14
718,0,85,10,13,12
718,1,49,72,15,14
719,0,40,7,5,7
720,0,31,73,15,8
720,1,44,17,13,12
721,0,45,64,8,11
721,1,69,14,11,9
721,2,13,18,10,7
721,3,54,76,14,10
722,0,47,2,7,10
723,0,81,4,8,15
723,1,21,11,8,7
724,0,67,63,14,7
725,0,80,66,14,12
725,1,35,71,5,11
725,2,68,58,7,7
725,3,77,0,7,5
726,0,1,52,12,11
726,1,19,9,9,10
727,0,87,52,5,5
728,0,0,28,11,14
728,1,65,16,8,12
728,2,21,71,14,10
729,0,5,85,7,13
729,1,30,56,10,13
729,2,61,89,7,6
729,3,47,79,5,9
730,0,71,12,11,11
730,1,44,72,6,7
731,0,83,47,14,9
732,0,36,10,11,15
732,1,61,66,14,7
733,0,28,43,9,10
733,1,79,73,6,6
734,0,39,46,8,13
735,0,11,36,15,11
735,1,83,17,6,10
735,2,61,90,5,14
735,3,53,66,5,14
736,0,43,75,11,13
737,0,60,6,8,9
738,0,45,82,11,8
739,0,9,41,11,7
739,1,62,5,10,9
740,0,62,55,15,9
740,1,8,65,13,6
741,0,61,6,12,6
741,1,17,42,14,13
741,2,60,20,8,15
742,0,18,82,8,9
742,1,70,87,9,14
743,0,30,75,13,6
743,1,20,52,10,12
743,2,46,39,7,6
743,3,65,45,10,14
744,0,72,39,9,15
744,1,66,57,9,10
744,2,8,18,8,11
745,0,39,89,7,14
745,1,43,72,5,13
746,0,38,55,5,15
746,1,72,26,6,9
746,2,62,80,6,9
746,3,39,87,12,10
747,0,64,31,5,14
748,0,3,80,14,14
749,0,26,27,11,6
750,0,26,57,10,10
750,1,67,17,7,9
751,0,43,82,12,10
751,1,0,45,14,14
751,2,18,8,7,15
751,3,71,58,5,8
752,0,54,65,10,12
752,1,19,77,8,5
753,0,48,59,10,14
754,0,2,40,13,11
754,1,47,73,15,12
754,2,85,90,15,10
754,3,71,55,9,5
755,0,22,73,6,7
755,1,8,55,5,5
755,2,34,14,12,13
756,0,90,9,10,11
757,0,47,72,13,11
757,1,77,17,6,9
757,2,1,1,6,10
757,3,37,87,6,11
758,0,84,16,10,6
758,1,58,31,10,6
758,2,19,52,12,13
759,0,45,33,13,7
759,1,60,53,12,11
759,2,49,2,15,5
760,0,4,47,5,13
760,1,65,25,14,10
760,2,75,5,13,9
760,3,10,27,13,9
761,0,1,22,12,6
761,1,69,14,7,6
762,0,46,21,9,5
762,1,35,10,13,7
762,2,26,28,9,6
762,3,79,17,8,6
763,0,82,78,11,15
764,0,80,54,14,11
764,1,28,3,14,9
764,2,87,19,10,13
764,3,85,5,12,7
765,0,6,61,14,7
765,1,3,17,10,15
765,2,35,63,13,14
765,3,69,80,9,7
766,0,1,68,7,15
767,0,83,51,10,8
767,1,19,41,11,15
768,0,48,37,15,10
769,0,56,20,7,8
769,1,10,32,13,15
770,0,61,5,14,11
770,1,71,37,7,5
770,2,13,5,13,9
770,3,48,30,12,10
771,0,64,57,9,6
771,1,57,60,11,11
771,2,25,8,8,9
772,0,8,50,15,13
772,1,34,70,8,8
772,2,18,47,7,6
773,0,73,55,9,13
773,1,11,25,10,5
773,2,68,55,12,14
773,3,36,7,15,10
774,0,31,20,11,12
774,1,15,32,11,15
775,0,56,28,10,12
775,1,12,85,9,5
775,2,60,44,6,5
776,0,60,6,15,9
776,1,53,5,14,9
776,2,18,11,10,13
776,3,84,32,12,5
777,0,76,75,8,7
777,1,32,63,7,10
778,0,75,52,9,8
778,1,48,43,13,11
778,2,75,72,8,13
778,3,35,15,8,5
779,0,58,72,14,15
779,1,48,53,14,10
779,2,83,75,14,11
779,3,78,56,14,9
780,0,1,80,5,10
780,1,38,33,10,11
780,2,52,79,5,15
780,3,72,60,10,15
781,0,61,6,13,9
782,0,21,81,8,11
782,1,18,27,6,8
782,2,40,64,5,6
783,0,2,75,8,11
783,1,72,5,13,5
783,2,78,13,7,9
783,3,86,82,8,8
784,0,39,34,12,5
784,1,56,58,8,8
784,2,84,51,15,7
785,0,71,60,7,8
785,1,82,12,8,5
785,2,21,79,15,6
785,3,69,36,14,12
786,0,12,53,10,14
787,0,56,43,15,5
788,0,46,30,6,10
789,0,14,54,10,6
789,1,18,40,9,6
789,2,57,64,9,8
790,0,56,83,7,12
790,1,71,89,8,12
791,0,11,11,10,6
792,0,10,5,7,14
792,1,12,70,5,15
792,2,30,15,10,14
793,0,52,31,9,10
793,1,5,47,14,14
793,2,6,51,8,13
793,3,17,38,5,13
794,0,11,17,12,14
794,1,40,67,13,9
794,2,17,10,13,15
794,3,1,43,12,15
795,0,25,29,15,5
795,1,45,9,12,15
795,2,88,11,7,7
795,3,79,90,7,8
796,0,83,79,9,8
796,1,32,6,10,6
797,0,44,29,5,12
797,1,50,55,11,11
798,0,75,35,9,8
798,1,63,69,8,12
799,0,77,71,9,8
799,1,19,68,15,15
799,2,40,37,15,6
800,0,43,48,10,13
800,1,83,46,13,12
800,2,15,22,6,8
801,0,53,15,6,7
801,1,21,77,11,10
802,0,45,71,9,12
802,1,27,61,8,5
802,2,61,86,14,7
803,0,39,14,10,7
803,1,22,33,11,9
803,2,23,12,5,14
803,3,90,53,12,14
804,0,63,10,9,10
804,1,20,22,11,13
804,2,70,78,6,13
805,0,23,83,14,7
805,1,37,76,12,9
805,2,49,32,15,11
806,0,28,51,13,11
807,0,85,81,13,15
807,1,45,31,10,10
807,2,29,89,9,11
807,3,4,42,5,7
808,0,25,28,7,8
808,1,73,51,6,12
808,2,11,53,12,10
808,3,64,88,8,12
809,0,80,33,10,14
809,1,80,86,8,11
810,0,2,4,7,9
810,1,83,19,10,7
811,0,88,78,13,10
811,1,86,27,11,7
812,0,57,28,10,9
812,1,44,40,7,7
812,2,8,3,14,15
812,3,59,56,7,6
813,0,78,20,12,11
813,1,74,43,13,5
813,2,16,4,14,14
813,3,68,89,15,12
814,0,82,38,15,9
814,1,76,62,10,6
814,2,10,39,13,13
815,0,32,35,12,13
815,1,80,5,9,14
815,2,17,8,9,5
816,0,43,20,14,15
816,1,84,4,13,12
817,0,29,20,13,12
817,1,37,47,5,7
817,2,29,68,13,15
817,3,83,32,6,8
818,0,26,7,13,14
818,1,76,67,8,13
818,2,9,21,14,14
818,3,5,87,14,10
819,0,42,67,8,13
819,1,3,61,10,7
819,2,43,50,14,9
820,0,10,27,6,7
820,1,8,89,12,12
821,0,64,0,11,12
821,1,9,47,10,15
821,2,59,4,13,11
822,0,36,71,13,8
822,1,72,64,8,5
822,2,81,6,11,12
822,3,31,86,14,11
823,0,50,68,5,9
824,0,65,90,5,7
825,0,17,6,12,12
825,1,87,31,5,11
826,0,37,86,12,10
826,1,6,68,9,9
826,2,25,3,8,11
826,3,3,70,7,6
827,0,51,40,5,5
827,1,19,67,5,13
827,2,35,60,8,11
827,3,78,81,10,15
828,0,82,82,11,8
828,1,45,32,12,9
829,0,54,88,7,9
829,1,75,54,7,9
829,2,37,24,12,8
829,3,37,4,9,6
830,0,58,16,7,5
830,1,63,34,13,11
830,2,58,27,11,13
831,0,56,40,15,14
831,1,28,65,11,9
832,0,9,15,8,15
833,0,32,2,9,11
833,1,11,72,7,10
833,2,12,18,13,9
833,3,6,69,9,8
834,0,38,72,8,15
835,0,48,61,7,9
836,0,85,70,7,15
836,1,22,72,10,7
836,2,14,86,5,14
837,0,6,81,7,5
837,1,24,18,14,13
838,0,59,53,15,13
839,0,25,72,5,6
839,1,64,81,5,5
839,2,33,14,5,11
839,3,83,30,7,5
840,0,39,37,10,14
840,1,10,42,12,5
840,2,75,21,6,9
841,0,90,4,15,5
841,1,70,42,10,5
842,0,46,63,7,8
843,0,3,44,5,9
843,1,25,15,10,12
843,2,66,36,5,10
844,0,90,27,5,10
844,1,71,14,12,6
845,0,83,54,9,8
845,1,8,34,8,14
845,2,60,46,13,14
846,0,27,61,13,7
846,1,22,13,12,6
846,2,18,65,10,12
846,3,57,44,9,15
847,0,80,90,13,11
847,1,3,42,7,9
847,2,81,14,9,5
848,0,38,61,5,10
848,1,28,76,8,15
849,0,63,86,15,5
850,0,70,75,8,9
850,1,70,8,5,8
850,2,60,83,8,12
850,3,17,10,13,9
851,0,4,39,11,11
851,1,62,48,15,14
851,2,59,82,7,7
851,3,14,34,8,8
852,0,71,70,8,14
852,1,81,3,14,12
853,0,84,30,14,15
853,1,8,58,7,10
853,2,51,20,5,15
853,3,80,57,11,9
854,0,77,21,11,12
854,1,68,80,11,12
855,0,47,54,10,14
855,1,19,24,12,12
855,2,61,59,15,5
855,3,46,2,11,9
856,0,5,70,13,11
857,0,6,27,15,8
858,0,9,32,12,15
858,1,21,75,13,5
859,0,38,33,11,15
859,1,43,10,6,10
859,2,64,29,13,15
860,0,62,24,6,8
860,1,6,77,7,14
861,0,46,90,9,6
862,0,53,89,6,14
862,1,63,72,15,7
863,0,63,23,6,9
863,1,27,20,10,9
863,2,18,5,11,9
863,3,80,50,8,9
864,0,89,44,12,10
864,1,25,16,14,12
864,2,22,50,10,7
864,3,83,86,12,14
865,0,24,19,14,13
865,1,62,82,7,8
866,0,80,16,6,14
866,1,7,26,9,11
866,2,6,74,10,6
866,3,88,86,11,8
867,0,63,76,7,12
867,1,18,89,7,15
868,0,7,60,10,14
868,1,72,4,5,7
868,2,84,44,5,5
868,3,26,76,14,6
869,0,33,59,8,6
869,1,42,44,6,10
870,0,67,23,15,7
870,1,20,2,13,9
870,2,13,86,12,13
870,3,86,6,13,5
871,0,72,25,11,14
871,1,6,73,10,14
871,2,85,43,5,14
872,0,84,5,14,5
872,1,67,31,7,7
873,0,38,79,5,10
873,1,21,87,9,9
873,2,29,80,9,11
874,0,37,85,9,11
874,1,55,76,11,15
875,0,43,26,6,10
875,1,44,56,11,12
875,2,90,43,10,7
876,0,60,20,12,7
876,1,90,76,6,13
876,2,16,15,12,11
877,0,47,79,5,5
877,1,7,51,11,11
878,0,32,45,14,14
878,1,60,24,7,6
878,2,40,6,5,8
878,3,10,18,9,15
879,0,39,14,7,10
879,1,62,43,5,7
879,2,53,81,11,15
880,0,70,13,9,9
881,0,18,45,10,15
882,0,26,30,12,13
882,1,46,3,15,8
882,2,18,36,6,8
882,3,59,63,15,11
883,0,35,5,12,14
883,1,87,86,5,10
883,2,34,85,15,11
883,3,59,13,10,11
884,0,72,56,11,10
885,0,31,31,14,15
885,1,75,73,14,7
885,2,44,80,8,8
886,0,38,80,13,9
886,1,73,47,6,15
886,2,11,22,11,12
887,0,89,67,6,12
887,1,7,42,11,8
888,0,78,55,12,9
888,1,30,42,13,11
888,2,43,74,5,14
888,3,77,76,13,7
889,0,70,52,12,15
890,0,31,32,14,13
891,0,9,31,8,13
891,1,12,37,12,9
892,0,74,19,8,8
892,1,60,41,10,6
892,2,25,81,12,6
893,0,21,11,14,7
893,1,61,61,14,12
893,2,56,64,13,5
893,3,23,7,15,14
894,0,52,68,14,5
894,1,39,30,11,12
894,2,24,49,14,6
895,0,45,81,8,12
895,1,38,75,11,8
895,2,85,41,7,9
896,0,40,11,13,9
896,1,67,43,9,12
896,2,73,5,5,10
896,3,53,78,11,14
897,0,20,51,13,5
897,1,42,17,15,5
897,2,57,29,13,8
898,0,22,27,10,6
899,0,37,70,13,13
899,1,78,74,5,10
899,2,3,32,10,5
900,0,35,85,7,11
900,1,74,66,11,15
901,0,15,70,7,14
901,1,47,14,9,9
902,0,64,33,7,6
902,1,39,82,6,12
902,2,28,62,6,8
902,3,69,30,5,5
903,0,41,8,7,5
903,1,8,68,6,9
903,2,5,82,10,9
903,3,71,58,6,12
904,0,89,50,7,13
905,0,85,40,11,8
905,1,60,51,5,11
906,0,46,71,6,6
906,1,44,68,14,6
906,2,15,45,5,12
906,3,44,45,14,13
907,0,82,78,7,11
907,1,18,8,12,14
908,0,67,4,7,5
908,1,80,61,9,10
909,0,7,64,11,15
909,1,49,20,11,13
909,2,19,72,9,12
909,3,54,35,15,13
910,0,71,21,5,12
910,1,7,6,9,13
911,0,88,59,10,8
911,1,72,54,12,6
911,2,63,18,13,5
911,3,82,48,11,14
912,0,29,44,11,10
912,1,49,58,8,10
912,2,71,9,6,13
913,0,82,9,7,10
913,1,59,19,15,15
914,0,90,60,9,12
914,1,6,32,11,6
914,2,71,89,6,15
915,0,61,5,15,11
915,1,33,39,12,10
916,0,86,39,9,5
916,1,23,35,11,14
916,2,48,24,13,11
916,3,70,83,15,11
917,0,51,7,5,12
917,1,77,28,9,13
918,0,46,87,7,7
918,1,57,29,10,14
919,0,80,21,14,15
919,1,49,88,8,8
919,2,32,8,5,11
920,0,82,40,11,9
920,1,12,67,6,13
921,0,16,33,8,12
921,1,22,61,5,14
922,0,37,14,12,15
923,0,66,76,9,13
923,1,43,28,10,10
924,0,72,84,13,14
924,1,24,28,5,8
924,2,53,3,15,10
924,3,36,26,12,10
925,0,74,25,13,14
926,0,4,27,11,12
926,1,60,29,11,5
926,2,71,14,7,15
926,3,44,10,5,10
927,0,34,67,9,11
927,1,63,25,6,15
927,2,35,32,5,13
927,3,18,71,11,10
928,0,51,18,9,12
928,1,57,72,15,8
929,0,60,52,12,9
929,1,75,24,10,5
930,0,49,34,9,6
930,1,66,38,5,6
930,2,20,56,11,9
931,0,73,36,13,13
932,0,56,20,8,6
932,1,56,85,6,14
932,2,60,28,13,14
933,0,60,45,7,10
933,1,39,25,11,10
934,0,11,63,9,10
934,1,56,62,12,8
935,0,90,10,13,15
935,1,38,0,11,9
935,2,34,80,12,10
935,3,35,9,13,11
936,0,23,81,7,13
937,0,69,88,11,14
938,0,68,31,8,6
938,1,9,19,11,12
938,2,12,8,14,14
939,0,17,59,12,6
940,0,89,88,12,12
940,1,75,40,6,7
941,0,90,10,13,10
941,1,50,89,14,11
941,2,41,84,11,15
942,0,23,80,11,15
942,1,10,43,13,11
943,0,16,82,11,6
943,1,15,80,12,5
943,2,60,27,15,10
944,0,58,6,13,10
944,1,46,43,9,15
944,2,3,78,15,14
945,0,80,13,13,6
945,1,48,10,8,10
945,2,14,86,12,8
945,3,3,79,14,9
946,0,20,26,15,9
946,1,85,17,13,13
947,0,64,21,13,5
947,1,61,69,11,14
947,2,2,79,8,10
947,3,23,27,15,7
948,0,63,22,5,12
948,1,48,26,8,7
948,2,23,79,13,11
948,3,26,0,8,12
949,0,54,5,6,6
949,1,80,80,6,11
949,2,69,52,15,12
950,0,65,85,9,5
950,1,64,73,8,6
950,2,18,61,10,14
950,3,36,26,11,11
951,0,50,70,15,10
952,0,85,55,11,5
952,1,64,75,6,15
952,2,86,85,7,12
953,0,23,48,11,12
953,1,29,19,15,12
953,2,39,44,5,8
954,0,25,36,12,5
954,1,55,75,5,9
954,2,13,0,10,14
955,0,79,14,11,15
956,0,71,48,11,14
956,1,50,48,6,5
957,0,50,13,7,14
957,1,62,49,13,15
957,2,14,13,13,10
957,3,61,35,15,10
958,0,90,80,7,11
959,0,87,48,7,13
960,0,30,89,7,10
960,1,61,49,11,13
960,2,79,88,8,15
961,0,75,59,15,9
961,1,88,75,6,12
961,2,61,44,8,10
961,3,13,27,14,12
962,0,43,41,8,7
962,1,56,47,7,5
962,2,9,72,15,8
962,3,87,59,6,5
963,0,34,85,6,9
963,1,40,68,13,14
963,2,60,71,13,12
964,0,76,35,11,6
964,1,37,87,11,13
964,2,17,86,14,14
965,0,44,9,14,10
965,1,48,65,11,12
966,0,11,4,11,5
966,1,29,12,6,9
967,0,87,64,14,5
967,1,78,1,15,14
967,2,43,79,5,11
967,3,26,80,13,11
968,0,13,41,14,5
969,0,25,90,12,13
969,1,68,23,11,15
969,2,47,90,11,5
970,0,52,63,11,10
970,1,60,34,5,6
971,0,7,70,8,12
971,1,2,75,12,11
971,2,29,42,8,13
971,3,46,35,6,14
972,0,42,34,9,9
972,1,83,87,8,10
973,0,55,52,14,11
973,1,49,57,7,12
973,2,31,54,6,13
974,0,0,68,11,10
974,1,8,21,9,8
975,0,33,65,8,6
976,0,90,85,15,6
976,1,3,90,8,11
977,0,50,21,14,8
978,0,37,69,12,5
978,1,41,62,14,9
978,2,88,89,14,5
979,0,35,59,8,12
979,1,42,29,15,11
979,2,64,48,13,10
979,3,6,54,14,9
980,0,51,30,14,10
981,0,18,47,12,6
982,0,38,6,8,10
983,0,37,31,14,5
983,1,32,10,11,6
984,0,54,15,15,9
984,1,64,6,7,14
985,0,90,68,11,15
985,1,3,60,15,14
985,2,40,79,15,13
985,3,61,25,13,7
986,0,49,37,12,13
986,1,6,84,8,6
986,2,55,55,12,11
987,0,69,2,6,10
987,1,7,65,15,7
987,2,54,24,10,13
987,3,70,32,7,5
988,0,78,64,12,12
988,1,8,22,7,15
989,0,23,25,10,14
989,1,8,77,12,6
990,0,51,67,5,11
991,0,36,73,5,9
991,1,11,71,7,11
991,2,81,18,7,11
992,0,24,10,8,11
992,1,11,51,7,12
992,2,23,24,8,15
993,0,19,87,5,13
994,0,59,38,7,12
995,0,69,6,8,6
995,1,39,4,12,12
995,2,85,34,11,7
995,3,27,75,14,14
996,0,50,87,10,6
996,1,25,83,9,9
996,2,82,80,5,5
996,3,14,54,5,15
997,0,84,27,10,15
997,1,50,25,7,9
997,2,90,76,5,14
997,3,10,21,12,5
998,0,88,46,7,12
999,0,40,65,9,13
999,1,28,27,6,15
999,2,71,46,11,13
999,3,40,9,9,5
